MH_vjfNPv70,BTS Performs Dynamite on AGT - America's Got Talent 2020,2020-09-17T00:48:16Z,UCT2X19JJaJGUN7mrYuImANQ,America's Got Talent,24,20.18.09,TV Series|Hilarious Music Songs|Highlights|America's Got Talent|AGT|America's Got Talent 2020|AGT 15|America's Got Talent Season 15|New AGT|Funny Videos|Live Shows|Full Performance|AGT Full|AGT Live Shows|Highlights Previews|funny|clips|talent|talent show|방탄소년단|BTS|Dynamite|Dynamite MV|BTS Dynamite AGT|Dynamite AGT|BTS AGT|Kpop|Korean|Korean Pop|Jimin|J-Hope|Namjoon|Jungkook|Jin|Suga|Taehyung|Hoseok|RM|Hobi|Kpop Music Video|Music Video|BTS on AGT,6517149,1139401,10139,68845,https://i.ytimg.com/vi/MH_vjfNPv70/default.jpg,FALSE,FALSE
iFkWUJJ-arg,진짜 보다보면 국뽕 차서 미치는 레전드 외국 예능ㅋㅋㅋ,2020-09-16T07:00:04Z,UCpr2S3SBmyjvrx9Q4pLUZHw,movie trip 무비트립,1,20.18.09,무비트립|국뽕|국뽕 예능|국뽕 차는 영상|필이 좋은 여행|레전드 외국 예능,1464878,20475,1093,3799,https://i.ytimg.com/vi/iFkWUJJ-arg/default.jpg,FALSE,FALSE
wOiNRq0a92s,(ENG) 저희는 이렇게 10년을 해먹었습니다,2020-09-17T11:00:27Z,UCZf4ZESHAIuRtZ-eoMSL97A,시즌비시즌 Season B Season,24,20.18.09,시즌비시즌|seasonbseason|비|가수비|rain|박진영|jyp|비 박진영|박진영 비|비시즌|비시즌 박진영|차에타봐|rain jyp|비 유튜브|비 엔딩송|시즌비시즌 엔딩송|박진영 작곡|박진영 프로듀싱|jyp 사옥|박진영 유기농|구독이 내려와|팔로워가 따라와|깡|gang|김태희|비 김태희|시즌비시즌 김태희|비 박진영 2탄|비 박진영 2회,475110,26498,173,4564,https://i.ytimg.com/vi/wOiNRq0a92s/default.jpg,FALSE,FALSE
DL1hDFm3Ihg,[#하이라이트#] 주류회사 팀장님의 멘트 클라쓰ㅋㅋ 일반인 레전드 유꽃비 자기님 모음ZIP #유퀴즈온더블럭 | YOU QUIZ ON THE BLOCK EP.72,2020-09-16T14:25:22Z,UC920m3pMPH45qztdhppZhwA,유 퀴즈 온 더 튜브,24,20.18.09,tvN|유퀴즈온더블럭|유퀴즈|유재석|조세호|직장인공감|회사원|미생|신입사원|대리|팀장|부장|대표|직급|은행원|시재|신입사원실수|퇴사욕구|회식|워킹맘|영업수완|연봉|영업왕|정몽구회장|자동차영업|삼진어묵|가업,1162208,14764,252,1592,https://i.ytimg.com/vi/DL1hDFm3Ihg/default.jpg,FALSE,FALSE
hYg_W9Q3iL8,가현이랑 연애에서 결혼까지 썰풀기,2020-09-17T09:00:10Z,UC9nFMAQcn0bqIrEV9vUdU1g,사나이 김기훈,23,20.18.09,레전드|김기훈|아프리카tv|아프리카김기훈|킹기훈|끼후이|사나이김기훈|버억|기훈|기훈가현|가현|퀸가현,890968,15504,143,1015,https://i.ytimg.com/vi/hYg_W9Q3iL8/default.jpg,FALSE,FALSE
O8bkmJLWEOY,[김어준의 뉴스공장 FULL/9월 17일] 국방부에 전화 청탁?! “모든 상담은 녹음됩니다”,2020-09-17T01:47:14Z,UC5HSw5OY2vfVFSihpiB-AVQ,TBS 시민의방송,25,20.18.09,TBS|김어준|뉴스공장|김어준의뉴스공장|더불어민주당|원내대표|민주당|미래통합당|국회|코로나19|이재용|대국민사과|긴급재난지원금|고용보험,387525,27044,618,794,https://i.ytimg.com/vi/O8bkmJLWEOY/default.jpg,FALSE,FALSE
39sGfPRjbOY,저희 유튜브 계속 할 수 있을까요...? 영국의 황당한 정책들...?!,2020-09-16T11:30:38Z,UCg-p3lQIqmhh7gHpyaOmOiQ,영국남자 Korean Englishman,23,20.18.09,Korean|영국남자|영국|조쉬|올리|Josh|Ollie|KoreanEnglish|English|Man|englishman|food|음식|외국인|반응|영상|웃긴|남자|외국|도전|매운|조니|조엘|댄|단|신부님|크리스|올리아빠|해물|치킨|삼겹살|korean|BBQ|fried|chicken|라면|불닭볶음면|미친남자,1751812,72120,1756,7249,https://i.ytimg.com/vi/39sGfPRjbOY/default.jpg,FALSE,FALSE
_4AE1LnM8xc,[런닝맨] ★표정파 배우 광수 레전드 탄생★ / 'RunningMan' Special | SBS NOW,2020-09-16T06:51:13Z,UCcOYEm78CpaZQvPE6LtoSeA,SBS NOW / SBS 공식 채널,24,20.18.09,SBS Entertainment|SBS|스브스|Entertainment|예고|유재석|하하|송지효|김종국|이광수|지석진|전소민|양세찬|런닝맨|running man Preview|Yoo jae suk|Haha|Song jihyo|Kim jong kook|Lee kwang soo|Ji suk jin|Jeon so min|Yang se chan|오프닝멘트|런닝맨 오프닝|광수놀리는재석|찐웃음|게임모음|런닝맨게임|레전드게임|게스트|웃긴영상|게임|레전드|광수놀리는,518523,12327,138,1276,https://i.ytimg.com/vi/_4AE1LnM8xc/default.jpg,FALSE,FALSE
4R2Ii9Rs2Vw,청년들에 사과하라 하태경 국민의힘 의원 질의에 특혜 아냐 정경두 국방부 장관 답변,2020-09-15T09:33:57Z,UC1aS5CRRDrN6CmR2VcpmetA,한국일보(hankookilbo.com),25,20.18.09,하태경|정경두|국방장관|추미애|아들|법무부|법무부 장관|장관|더불어민주당|국민의힘|아들 특혜 의혹|사오정|군대|휴가|국방부|용산|카투사|카츄사|특혜|병가|연장,436860,8484,813,3761,https://i.ytimg.com/vi/4R2Ii9Rs2Vw/default.jpg,FALSE,FALSE
foWBxI-X5HY,너무 야비하지 않습니까 추미애 법무부 장관의 전주혜 국민의힘 의원 질의에 대한 답변,2020-09-14T12:10:21Z,UC1aS5CRRDrN6CmR2VcpmetA,한국일보(hankookilbo.com),25,20.18.09,추미애|법무장관|법무부 장관|아들|특혜|논란|법무부|카투사|휴가|병가|전화|연장|전주혜|국민의힘|국민의짐|비례대표|의원|국회|대정부질문|정치분야|정치|사회|경제,910291,17428,2008,12120,https://i.ytimg.com/vi/foWBxI-X5HY/default.jpg,FALSE,FALSE
B-41G8J4pKI,[순간포착 세상에 이런 일이 레전드] ‘25개월 34kg 슈퍼 베이비’ 풀버전 다시보기ㅣ순간포착 세상에 이런 일이(Instant Capture)ㅣSBS Story,2020-09-17T03:00:01Z,UCYZv9v_bwfMGc64gLRe34OA,SBS STORY,24,20.18.09,SBS|SBSStory|교양|순간포착세상에이런일이|순간포착세상에이런일이풀버전|순간포착세상에이런일이다시보기|순간포착세상에이런일이레전드|순간포착세상에이런일이우량아|순간포착세상에이런일이고야|순간포착세상에이런일이아기|순간포착세상에이런일이비만|아기|아기영상|귀여운|귀여운아기|우량아,321943,1752,262,626,https://i.ytimg.com/vi/B-41G8J4pKI/default.jpg,FALSE,FALSE
y_WHxbhBBOc,[#하이라이트#]일반인 레전드 유꽃비 팀장 자기님이 알려주는 연봉협상 꿀팁! 입만 열면 큰 자기 빵빵 터짐 #유퀴즈온더블럭 | YOU QUIZ ON THE BLOCK EP.72,2020-09-17T11:33:30Z,UC920m3pMPH45qztdhppZhwA,유 퀴즈 온 더 튜브,24,20.18.09,tvN|유퀴즈온더블럭|유퀴즈|유재석|조세호,213151,4935,57,298,https://i.ytimg.com/vi/y_WHxbhBBOc/default.jpg,FALSE,FALSE
KbNL9ZyB49c,"Take Over (ft. Jeremy McKinnon (A Day To Remember), MAX, Henry) | Worlds 2020 - League of Legends",2020-09-17T15:00:09Z,UC2t5bjwHdUX4vM2g8TRDq5g,League of Legends,20,20.18.09,Riot Games|Riot|League of Legends|League|LoL|MOBA|League Of Legends|worlds 2020|worlds 2020 league of legends|worlds 2020 song|worlds 2020 cheer|worlds 2020 theme|worlds 2020 lol|worlds 2020 league of legends song|take over|take over lol|take over league of legends|take over song|worlds 2020 song take over|henry league of legends|max league of legends|a day to remember league of legends|taking over|we're taking over|lol take over|Worlds music video,3038612,336944,6596,20205,https://i.ytimg.com/vi/KbNL9ZyB49c/default.jpg,FALSE,FALSE
FGAbGz1ZXcI,"(ENG)??갑자기 남자로 보이기 시작했다??[웹드라마 - 서류상 아빠 ] EP.04 | Web Drama : Legally, Dad EP.04",2020-09-17T10:00:03Z,UCjOslp-74AgL4gaUWvojZbw,STUDIO DIA 스튜디오 다이아,24,20.18.09,[none],216218,8369,51,480,https://i.ytimg.com/vi/FGAbGz1ZXcI/default.jpg,FALSE,FALSE
iMJgScHkQMQ,[#하이라이트#] 신입사원부터 대표까지! 직장인 웃고 울리는 유퀴즈 미생 특집.zip #유퀴즈온더블럭 | YOU QUIZ ON THE BLOCK EP.72,2020-09-16T14:53:39Z,UC920m3pMPH45qztdhppZhwA,유 퀴즈 온 더 튜브,24,20.18.09,tvN|유퀴즈온더블럭|유퀴즈|유재석|조세호|직장인공감|회사원|미생|신입사원|대리|팀장|부장|대표|직급|은행원|시재|신입사원실수|퇴사욕구|회식|워킹맘|영업수완|연봉|영업왕|정몽구회장|자동차영업|삼진어묵|가업,316780,2619,87,157,https://i.ytimg.com/vi/iMJgScHkQMQ/default.jpg,FALSE,FALSE
R2O4A2YDiVc,[문명특급 EP.143] 틴탑 유키스 둘이 콜라보 무대한다고? 그것도 시끄러를? 숨듣명 콘서트 오진다;;,2020-09-17T08:00:13Z,UCUyfkq9e9ZfPzxOW5WQ9rzQ,문명특급 - MMTG,24,20.18.09,문명특급|스브스뉴스|재재|SBS|문특|틴탑|유키스|TEENTOP|UKISS|니엘|수현|수현OPPA|케빈|천지|창조|리키|캡|틴탑 장난아냐|유키스 시끄러|숨듣명|틴키스,309778,19890,58,3860,https://i.ytimg.com/vi/R2O4A2YDiVc/default.jpg,FALSE,FALSE
g3vkErBgWn4,"[정식 예고] ?'청춘다큐-다시 스물'??시즌2, 커피프린스 #MBCLife",2020-09-17T08:00:04Z,UCfWZnsdfiKvOyHDGfzMT3Cg,MBClife,24,20.18.09,MBC|다큐하우스|다큐|다큐멘터리|documentary|교양|지식|정보|시사|시리즈|시리즈m|방송|생방|동물|육아니멀|시청자|반려동물|반려견|찡|다큐플렉스|티저|공유|이선균|윤은혜|채정안|커프|커프1호점|다시스물|청춘다큐|커피프린스|커피프린스 1호점|김동욱|은혜로그in|은혜로그인|최한결|고은찬|한유주|드라마|레전드드라마|옛드,151226,5596,20,596,https://i.ytimg.com/vi/g3vkErBgWn4/default.jpg,FALSE,FALSE
saZ7wiqN7y4,"세계 최초! 현대 신형 투싼을 실물로 만났습니다!…투싼 하이브리드, 실제로 보면 충격!",2020-09-16T03:20:54Z,UCd5CdYxogKBwvv1xyuxhvZA,김한용의 MOCAR,2,20.18.09,투싼 풀체인지|투싼 후속|신형 투싼|tucson hybrid 2021|투싼 하이브리드|현대 투싼|현대 투싼 풀체인지|현대 투싼 nx4|현대 투싼 신형|현대 투싼 차박|현대 투싼 가솔린|투싼 공개|투싼 옵션|투싼 nx4|투싼 신형|투싼 실내|투싼 디젤|투싼 리뷰|hyundai tucson|4세대 투싼|현대 신형 투싼|hyundai tucson 2021|현대 투싼 리뷰|투싼 nx4 크기|투싼 nx4 색상|투싼 nx4 출시일|투싼 nx4 실내|신형 투싼 nx4|투싼 풀체인지 nx4|4세대 투싼 풀체인지|hyundai tucson 2021 korea|vision t|모카 투싼|nx4 투싼|모카 김한용|김한용 모카|김한용 투싼|투싼 풀체인지 하이브리드|투싼 nx4 하이브리드|투싼 디자인,574731,4653,429,1336,https://i.ytimg.com/vi/saZ7wiqN7y4/default.jpg,FALSE,FALSE
INniRakDoQ4,라면의 신세계를 알아버린 꾹이 먹방모음.ZIP[예능맛ZIP/미운우리새끼],2020-09-17T09:00:03Z,UCy-swBYpRZx7KW11FStjTgw,레알예능 스브스,24,20.18.09,미운우리새끼|미우새|김종국|미우새김종국|홍경민|차태현|홍라원|라원이|미우새 홍라원|미운우리새끼 김종국|김종국 애교|꾹이|KIM JONG KOOK|My Little Old Boy|라면먹방|마라라면|간장게장라면,140776,1169,65,219,https://i.ytimg.com/vi/INniRakDoQ4/default.jpg,FALSE,FALSE
C-V7kTnGXJI,'다 부숴버리겠다'…비뚤어진 모정이 불러온 편의점 차량 돌진 / 연합뉴스 (Yonhapnews),2020-09-16T03:02:58Z,UCj3_t5p4L4aFsvdW3uHjnnw,연합뉴스 Yonhapnews,25,20.18.09,연합뉴스|yonhapnews|뉴스|영상|이슈|디지털|news|화제,596220,2782,146,4096,https://i.ytimg.com/vi/C-V7kTnGXJI/default.jpg,FALSE,FALSE
dQqlXutx3jY,애플에 배신 당했습니다. 더싸고 좋은 아이패드 에어 4세대? 가성비 애플워치 SE? 등 애플 신제품 발표 자세한 총정리!,2020-09-16T04:00:12Z,UCdUcjkyZtf-1WJyPPiETF1g,ITSub잇섭,28,20.18.09,애플 공개|애플 신제품|아이패드 에어 4세대|아이패드 에어|아이패드|애플워치|애플워치6|애플워치 시리즈6|시리즈6|애플워치 SE,900814,11332,334,3459,https://i.ytimg.com/vi/dQqlXutx3jY/default.jpg,FALSE,FALSE
NHGFGiGBIeQ,"★비행기 배달이요★ 국산 T-50 골든이글 첫 해외 수출 과정 밀착 다큐 - 골든이글 T-50, 인도네시아를 날다! (2014) | 전투기 밀착 다큐 시리즈 3탄",2020-09-17T12:00:11Z,UC4LW3sOslC14Vn5bcoNUBkg,KBS Documentary [KBS 다큐],24,20.18.09,KBS|다큐멘터리|docu|documentary|다큐|전투기|F-16|F16|F14|톰캣|F35|랩터|T-50|KFX|차세대전투기|성일환|UDT|UDT/SEAL|이근대위|이근|가짜사나이|진짜사나이|특전사|CCT|SART|SSU|혹한기|훈련|동계훈련|특수부대|특공무술|한미연합훈련|군사|밀리터리|밀착다큐|작전|T50|훈련기|페리수출|KAI|항우연,179353,2599,129,199,https://i.ytimg.com/vi/NHGFGiGBIeQ/default.jpg,FALSE,FALSE
tFgrqdMJl6o,[순간포착 세상에 이런 일이 레전드] ‘26kg 엄마와 두 남매’ 풀버전 다시보기ㅣ순간포착 세상에 이런 일이(Instant Capture)ㅣSBS Story,2020-09-16T05:15:15Z,UCYZv9v_bwfMGc64gLRe34OA,SBS STORY,24,20.18.09,SBS|SBSStory|교양|순간포착세상에이런일이|순간포착세상에이런일이다시보기|순간포착세상에이런일이레전드|순간포착세상에이런일이풀버전|순간포착세상에이런일이엄마|순간포착세상에이런일이26kg엄마|순간포착세상에이런일이풀버전다시보기|26kg엄마,317331,2224,155,342,https://i.ytimg.com/vi/tFgrqdMJl6o/default.jpg,FALSE,FALSE
1Q4bimul4DE,정동원 헨리 형과 즉석연주 [아내의맛],2020-09-15T23:00:00Z,UCrLQ0ovys23H9xBV6U-Sd4A,정동원TV,10,20.18.09,[none],582405,20352,480,1928,https://i.ytimg.com/vi/1Q4bimul4DE/default.jpg,FALSE,FALSE
95VJZY5AYIc,피의자 신문하시나 박형수 국민의힘 의원 질문에 대한 추미애 법무부 장관의 답변,2020-09-14T07:56:46Z,UC1aS5CRRDrN6CmR2VcpmetA,한국일보(hankookilbo.com),25,20.18.09,추미애|법무장관|법무부 장관|아들|특혜|논란|법무부|카투사|휴가|병가|전화|연장,522804,8439,878,4986,https://i.ytimg.com/vi/95VJZY5AYIc/default.jpg,FALSE,FALSE
6mp0xb58aNU,[ENG] Show Me The Money 9 [SMTM9] 본격 프로듀서 뒷담화?! 대기실에서 과연 무슨 일이.. I 10월 첫 방송 200101 EP.0,2020-09-17T04:51:00Z,UCepUWUpH45hRTi-QePdq1Bg,Mnet Official,24,20.18.09,ShowMeTheMoney9|SMTM9|쇼미더머니9|쇼미더머니|다이나믹듀오|비와이|자이언티|기리보이|코드쿤스트|팔로알토|저스디스|그루비룸,438797,7813,134,1778,https://i.ytimg.com/vi/6mp0xb58aNU/default.jpg,FALSE,FALSE
76icSNiX0xA,BTS (방탄소년단) VMAs Dynamite Getting Ready | Vogue,2020-09-15T15:44:05Z,UCRXiA3h1no_PFkb1JCP0yMA,Vogue,24,20.18.09,bts|vmas|bts band|bts vogue|bts behind the scenes|bts kpop|bts kpop group|vogue bts|24 hours with bts|24 hours bts|bts interview|interview with bts|bts green screen|bts vogue interview|bts (방탄소년단)|방탄소년단|방탄소년단 vogue|bangtan boys|bangtan boys bts|bts vma|bts vma performance|bts vma bts|dynamite bts|방탄|dynamite vma|dynamite vmas|투모로우바이투게더|big hit bts|dynamite getting ready|dynamite mv|jin|vogue,2611568,393446,1589,14969,https://i.ytimg.com/vi/76icSNiX0xA/default.jpg,FALSE,FALSE
Y8YKAT1dBdk,[김어준의 뉴스공장 FULL/9월 16일] 카투사들의 계속되는 제보 “너무한 언론의 마녀사냥”,2020-09-16T02:10:42Z,UC5HSw5OY2vfVFSihpiB-AVQ,TBS 시민의방송,25,20.18.09,TBS|김어준|뉴스공장|대북전단|삐라|이재용|삼성|정경심|타투이스트|김여정,443178,30293,1362,1221,https://i.ytimg.com/vi/Y8YKAT1dBdk/default.jpg,FALSE,FALSE
_lo9rabj-b4,박스손잡이의 변신! 3배 더 유용한 활용 꿀팁 / 그동안 버린 박스손잡이가 아까운 이유,2020-09-16T10:39:33Z,UCzcDD6vRfq25Cdo4w6nw7vw,코코네,26,20.18.09,코코네|박스손잡이|박스손잡이활용법|상자손잡이|상자손잡이활용법|박스손잡이활용꿀팁|커피박스손잡이|커피박스손잡이활용법|상자손잡이활용꿀팁|꿀팁|노하우,186401,3391,82,198,https://i.ytimg.com/vi/_lo9rabj-b4/default.jpg,FALSE,FALSE
9a-AuvwSWFA,"[FULL-eng sub] BTS Visual Radio in MBC / 방탄소년단, 배철수의 음악캠프 출연 보이는 라디오",2020-09-14T11:12:51Z,UCKNZsAeQXpvI-Mpoc0ZKhsA,MBC Radio봉춘라디오,10,20.18.09,btslive|btsmbc|방탄|봄날|dna|작은것들을위한시|fakelove|idol|피땀눈물|ineedyou|불타오르네|fire|micdrop|쩔어|고민보다go|saveme|run|노홍철|rm|랩몬스터|김남준|진|김석진|jin|슈가|suga|민윤기|제이홉|j-hope|정호석|지민|jimin|박지민|뷔|김태형|정국|전정국|bangtantv,2699762,211257,1321,6275,https://i.ytimg.com/vi/9a-AuvwSWFA/default.jpg,FALSE,FALSE
TzFRVk2ektI,MAX - Blueberry Eyes (feat. SUGA of BTS) [Official Music Video],2020-09-15T16:00:09Z,UCbwD4Ynubv_4Y-xDyIq86rw,MAXVEVO,10,20.18.09,MAX|Suga|Blueberry|Eyes|(feat.|SUGA|BTS)|[Official|Music|Video]|(SME/RED|JV)|LP2|Pop,6474141,1149591,12814,83762,https://i.ytimg.com/vi/TzFRVk2ektI/default.jpg,FALSE,FALSE
gqsssi5by38,발음 때문에 바보로 오해받지만 알고 보면 IQ 상위 3%의 뇌섹녀 [무엇이든 물어보살],2020-09-13T22:00:13Z,UCr0adenI5KeQFJkMIGjq5qw,KBS N,24,20.18.09,KBSN|서장훈|이수근|무엇이든물어보살|고민상담|점괘|보살|선녀보살|동자보살|KBSJoy|덕자,3335022,33752,1076,7214,https://i.ytimg.com/vi/gqsssi5by38/default.jpg,FALSE,FALSE
sGSk17l_Jjk,진딧물이 비처럼 '후두둑'…온몸에 '덕지덕지' (2020.09.16/뉴스데스크/MBC),2020-09-16T11:48:13Z,UCF4Wxdo3inmxP-Y59wXDsFw,MBCNEWS,25,20.18.09,MBC|MBC뉴스|뉴스데스크|newsdesk|뉴스투데이|newstoday|8시뉴스|아침뉴스|뉴스|정오뉴스|news|이상기온|진딧물|러시아|크라스노야르스크|미국|산불|철새,2174674,9761,374,5286,https://i.ytimg.com/vi/sGSk17l_Jjk/default.jpg,FALSE,FALSE
a5D6UajK5JA,"[티저] ?'청춘다큐-다시 스물' ??시즌2, 커피프린스 #MBCLife",2020-09-15T08:00:00Z,UCfWZnsdfiKvOyHDGfzMT3Cg,MBClife,24,20.18.09,MBC|다큐하우스|다큐|다큐멘터리|documentary|교양|지식|정보|시사|시리즈|시리즈m|방송|생방|동물|육아니멀|시청자|반려동물|반려견|찡|다큐플렉스|티저|공유|이선균|윤은혜|채정안|커프|커프1호점|다시스물|청춘다큐|커피프린스|커피프린스 1호점|김동욱|은혜로그in|은혜로그인|최한결|고은찬|한유주,505254,11297,42,1204,https://i.ytimg.com/vi/a5D6UajK5JA/default.jpg,FALSE,FALSE
vFjUpOb8lSE,신기한 영상 2020 & 다시 한번보기 힘든 놀라운 순간 ! 가장 흥미롭고 믿을 수없는 장면 모음! #125,2020-09-17T09:35:04Z,UCQIJ1GlCJu2_tIrAD86XqmQ,BB Media,22,20.18.09,[none],376136,1891,802,101,https://i.ytimg.com/vi/vFjUpOb8lSE/default.jpg,FALSE,FALSE
b13xnFp_LJs,Apple Event ? September 15,2020-09-15T18:14:08Z,UCE_M8A5yxnLfW0KghEeajjw,Apple,28,20.18.09,Apple|iOS|iPhone|Mac|Apple Watch|Series 5|Series 6|iPad|iPad Air|Macbook|iMac|MacBook Pro|Fitness|Wellness|Illustration|Apple TV|Digital Art|AirPods|Apple Event|Apple Keynote|WWDC|September|Apple Special Event|Apple Launch,12624245,442790,41206,0,https://i.ytimg.com/vi/b13xnFp_LJs/default.jpg,TRUE,FALSE
InSGyn6cpaU,던파 슈퍼계정 간단 정리 : G식백과 김펠레 사이언스,2020-09-15T13:27:29Z,UCZ0bi2aVJngKLwFTU5g_fLQ,김성회의 G식백과,20,20.18.09,던파|던전앤파이터|궁댕이맨단|슈퍼계정|네오플,528850,12065,215,3043,https://i.ytimg.com/vi/InSGyn6cpaU/default.jpg,FALSE,FALSE
o6lEdbdY03c,[넷마블TVx짤툰] 방탈출,2020-09-16T07:00:12Z,UCpYaDypxUY_bB6s23sfpuMg,넷마블 TV,20,20.18.09,넷마블|모바일|게임|netmarble|mobile|game,142248,2470,83,586,https://i.ytimg.com/vi/o6lEdbdY03c/default.jpg,FALSE,FALSE
1nvnQcr3CqY,프로미스나인 (fromis_9) - 'Feel Good (SECRET CODE)' M/V,2020-09-16T09:00:00Z,UC_pwIXKXNm5KGhdEVzmY60A,Stone Music Entertainment,10,20.18.09,K-CULTURE korean Music MV Music Video K-Pop Kpop 뮤비 뮤직비디오|Stone Music Entertainment|프로미스나인|fromis 9|fromis_9|Feel Good|필굿|SECRET CODE|시크릿 코드|Feel Good MV|fromis 9 MV|프로미스나인 뮤비|필굿 뮤비|댄스|케이팝|DANCE|K-POP|OFF THE RECORD|오프더레코드|오프더레코드 엔터테인먼트|OFF THE RECORD Entertainment|이새롬|송하영|장규리|박지원|노지선|이서연|이채영|이나경|백지헌,447897,56043,627,3005,https://i.ytimg.com/vi/1nvnQcr3CqY/default.jpg,FALSE,FALSE
4ZwADtASJf4,"이강인, 개막전 현지해설 자신이 원하는 대로 플레이를 하고 있어요 #SPORTSTIME",2020-09-14T03:41:06Z,UCnXNukjRxXGD8aeZGRV-lYg,스포츠타임,17,20.18.09,라리가|이강인|SPOTV|SPOTV NEWS|발렌시아|현지해설|손흥민|이승우|KANG IN,907757,5419,183,1219,https://i.ytimg.com/vi/4ZwADtASJf4/default.jpg,FALSE,FALSE
4daJ4T2o-AI,[주식왕용느]이럴려던게아닌데...수젠텍이낳은불면증...죄송합니다★당신의매수매도는어느누구도책임지지않습니다...,2020-09-17T08:45:36Z,UCbHN1sTuPySKpnqKSp0JHRQ,TV용느님,20,20.18.09,용느|주식|단타,85363,839,91,51,https://i.ytimg.com/vi/4daJ4T2o-AI/default.jpg,FALSE,FALSE
NCNtREylh3E,'코로나 조작설' 논문 직접 읽어봤습니다 | 을왕리 사고 윤창호법 적용?,2020-09-17T01:13:56Z,UC4Aa3OPkMenwTANpf0oWVRQ,CBS 김현정의 뉴스쇼,25,20.18.09,김현정|뉴스쇼|을왕리|동충하초|마스크|KF94|코로나 옌리멍,65997,5744,150,137,https://i.ytimg.com/vi/NCNtREylh3E/default.jpg,FALSE,FALSE
e_rIOTqPoio,"[요약] 박은빈X김민재, 간질간질한 썸이 끝나는 순간! 돌담길 데이트부터 눈물 고백까지 몰아보기??",2020-09-17T01:54:49Z,UC3re3ueOE_6VZK85zlEUWFA,SBS Catch,24,20.18.09,스브스캐치|스브스캐치 드라마|드라마 브람스|브람스를 좋아하세요|브람스를 좋아하세요 명장면|브람스를 좋아하세요 예고편|SBS 브람스를 좋아하세요|브람스를 좋아하세요 드라마|브람스를 좋아하세요 박은빈|브람스를 좋아하세요 김민재|박은빈 드라마|박은빈 연기|김민재 드라마|김민재 연기|박은빈 김민재|김민재 박은빈|브람스를 좋아하세요 1회|드라마 요약|드라마 추천,95927,1911,24,177,https://i.ytimg.com/vi/e_rIOTqPoio/default.jpg,FALSE,FALSE
PR0fs3HONqc,쿠데타 군인? 국민의힘 의원들이 폭발하자 한방에 정리한 홍준표!,2020-09-16T06:07:38Z,UCchCbWi1Mvibb6ddcZrrOHQ,일요서울TV,25,20.18.09,신원식|한기호|홍영표|홍준표,269725,4504,389,1538,https://i.ytimg.com/vi/PR0fs3HONqc/default.jpg,FALSE,FALSE
VGY2dxrQyPg,아니 강아지랑 이렇게 뛰어노는 고양이가 있다고?... 리얼 개냥이 까미의 시골살이,2020-09-16T10:00:08Z,UCFcqNiSjbOpnYCTCACZ7bhQ,EBS 세나개 x 고부해 - 왜그러냥? 귀엽개!,15,20.18.09,세나개|고부해|강아지|고양이|댕댕이|냥이|dog|cat|왜냥개|강형욱|설채현|나응식|김명철|왜냥개TV|왜냥개tv|왜그러냥귀엽개|왜그러냥귀엽게|세상에나쁜개는없다|고양이를부탁해|설채현수의사|나응식수의사|김명철수의사|냐옹신|냥신|미야옹철,154339,3658,50,240,https://i.ytimg.com/vi/VGY2dxrQyPg/default.jpg,FALSE,FALSE
qxWd9_gYSJI,메이저BJ XX게임 폭로 사건 총정리!! (엉두 케이 세야 만만 아효 보름),2020-09-17T09:30:10Z,UCVWN__TENeCRT8P6B6SwNog,정배우 : 사건사고이슈,24,20.18.09,[none],103740,1378,596,724,https://i.ytimg.com/vi/qxWd9_gYSJI/default.jpg,FALSE,FALSE
NRfAJCE-lfU,세상이 이렇게 돌아가면 안되는데..... 장동민 원주집 3차 테러??,2020-09-17T11:00:04Z,UCumMwsr4lFxViBFyzmYug2g,장동민의 옹테레비,24,20.18.09,장동민|옹테레비|장동민레전드|장동민유튜브|장동민의옹테레비|개그맨장동민|개그맨유튜브|개그맨유튜버|장동민 원주집|장동민 전원주택|장동민 테러|장동민 자동차 테러|자동차 테러,180169,3203,64,1786,https://i.ytimg.com/vi/NRfAJCE-lfU/default.jpg,FALSE,FALSE
cE4noLw95Yc,"YooA, Bon voyage (유아, 숲의 아이) [THE SHOW 200915]",2020-09-15T10:17:34Z,UCoRXPcv8XK5fAplLbk9PTww,The K-POP,10,20.18.09,K-pop|Kpop|SBS|Korea|sbsmedianet|200915|THE SHOW|더쇼|더쇼라이브|유아|숲의 아이|YooA|Bon voyage,241883,11994,269,762,https://i.ytimg.com/vi/cE4noLw95Yc/default.jpg,FALSE,FALSE
EtDtptp1eu0,솔라 (SOLAR) - 뚠뚠뚠 (Ddun Ddun Ddun) MV,2020-09-17T09:00:03Z,UCNx0TXIuGVEA_TWB5H2I6Lg,솔라시도 solarsido,22,20.18.09,솔라시도|솔라|Solar|솔라시도Solarsido|solarsido|마마무 솔라|MAMAMOO Solar|뚠뚠뚠|뚠뚠뚠MV|솔라시도송|솔라시도송 MV,270794,72841,102,7009,https://i.ytimg.com/vi/EtDtptp1eu0/default.jpg,FALSE,FALSE
CkRDw4En_78,단시간 전신 다이어트 최고의 운동 [칼소폭 찐 핵매운맛],2020-09-14T10:30:35Z,UCpg89Ys3E4BaLGgEEWVmI9g,Thankyou BUBU,26,20.18.09,전신유산소|유산소운동|뱃살빼는운동|다이어트운동|살빠지는운동|허벅지살|뱃살|옆구리살|홈트|홈트레이닝,484336,20615,226,2878,https://i.ytimg.com/vi/CkRDw4En_78/default.jpg,FALSE,FALSE
CWGYcmirsho,완판? 이게 다 팔렸다구요?,2020-09-15T09:00:03Z,UCs1R9zP6rH2GlTNHUI5SBkw,승우아빠 일상채널,24,20.18.09,Twitch|승우아빠|마이야르|트위치|쿠캣마켓|특수부위,347611,6094,95,1126,https://i.ytimg.com/vi/CWGYcmirsho/default.jpg,FALSE,FALSE
o_dc6PzpcZw,"[EP.06] 현모양처의 표본, 완벽한 내 아내의 믿지 못할 과거, 남편의 선택은?!  I 애로부부(Doomed Marriage) I 매주 월요일 밤 10시",2020-09-14T12:00:16Z,UCAP8OK0GHFbnL5OkY3j04Xw,skyTV 스카이티브이,24,20.18.09,skyTV|스카이티비|최화정|홍진경|이상아|이용진|양재진|애로부부|에로부부|막장드라마|드라마|웹드라마|부부|상간녀|애로부부 재연배우|애로부부 예고|애로부부 예고편|불륜드라마|동거|Doomed Marriage|Drama|부부의세계|현실판 부부의 세계|이혼|위험한 동거|내연남|막장|선수|공사|제비|바람|외도,215924,1144,161,263,https://i.ytimg.com/vi/o_dc6PzpcZw/default.jpg,FALSE,FALSE
HEmAZNsnj34,[단독] 서울 한복판에 '불법 도박장' 차린 개그맨들 (2020.09.15/뉴스데스크/MBC),2020-09-15T11:34:00Z,UCF4Wxdo3inmxP-Y59wXDsFw,MBCNEWS,25,20.18.09,MBC|MBC뉴스|뉴스데스크|newsdesk|뉴스투데이|newstoday|8시뉴스|아침뉴스|뉴스|정오뉴스|news|개그맨|불법 도박|도박장,1608371,8576,432,3092,https://i.ytimg.com/vi/HEmAZNsnj34/default.jpg,FALSE,FALSE
bsjmf2wnZyM,사자와 하이에나가 싸움을 하고 있습니다 수컷 사자 1마리와 하이에나 20마리의 엄청난 전투 승자는 누가 될까요,2020-09-16T12:00:09Z,UCC7bElwd29qpkgLo0j3l3Qw,문화돋보기,15,20.18.09,사자|하이에나|사자하이에나싸움|사자하이에나|사자하이에나사냥|사자하이에나다큐|사자다큐멘터리|하이에나다큐멘터리|동물다큐멘터리,105870,1476,117,78,https://i.ytimg.com/vi/bsjmf2wnZyM/default.jpg,FALSE,FALSE
ZF0o-_G3prA,이제 싼타페급? 현대 신형 투싼 롱휠베이스 최초공개 편집본,2020-09-15T07:38:07Z,UCd5CdYxogKBwvv1xyuxhvZA,김한용의 MOCAR,2,20.18.09,김한용|mocar|모카|시승기|자동차|국산차|수입차|현대차,690890,4913,443,1226,https://i.ytimg.com/vi/ZF0o-_G3prA/default.jpg,FALSE,FALSE
u-x1G3PAs_E,헐리웃에서 이병헌 연기실력보고 충격받아 30억 주고 캐스팅했다는 영화,2020-09-14T04:51:28Z,UCpCiIDf9UrfRqte55FHWlYQ,드림텔러(DreamTeller),1,20.18.09,[none],1052481,8076,478,1219,https://i.ytimg.com/vi/u-x1G3PAs_E/default.jpg,FALSE,FALSE
Jw0gbbsW2SE,"(SUB) 얼짱 박지호, 꽃미남에서 으른미 뿜뿜?? |Allzzang|얼짱시대요즘뭐해 EP.02",2020-09-15T09:00:04Z,UCYmo0HyIbPtyu5QnFZ7-V5Q,얼짱TV,24,20.18.09,얼짱시대|얼짱TV|얼짱|얼짱시대요즘뭐해|요즘뭐해|홍영기|박지호|문야엘|강혁민|추억|싸이월드|미니홈피|투데이|도토리|인플루언서|유튜버|인스타그램|트위치|훈남BJ|트렌드세터|컴싸아라|훈녀생정|인소|웹소설|얼짱각도|훈남|훈녀|퍼가요,367430,2610,107,470,https://i.ytimg.com/vi/Jw0gbbsW2SE/default.jpg,FALSE,FALSE
tieB46YIbig,"9/17(목)-1명 빼고 26명 집단감염, 수박먹던 15분이 문제(정규진·천은미) / 秋 아들이 안중근? 온 국민이 안중근인가?(강창일) / 이상직·김홍걸·윤미향 제명될까(권영철)",2020-09-17T00:01:23Z,UC4Aa3OPkMenwTANpf0oWVRQ,CBS 김현정의 뉴스쇼,25,20.18.09,김현정|뉴스쇼|동충하초 설명회|에어로졸 감염|박병석 국회의장|스가 총리|강창일 의원|윤리감찰단|윤미향|이상직,58903,1227,87,21,https://i.ytimg.com/vi/tieB46YIbig/default.jpg,FALSE,FALSE
gxPyzaYx7-c,"??발길질에 주먹질, 인종차별 논란까지.. 네이마르에게 무슨일이??? [리그1]",2020-09-14T01:54:15Z,UCqsKWTIu7IhBjLFZS2s1ULQ,SBS Sports,17,20.18.09,네이마르|음바페|디마리아|psg|마르세유|르클라시크|퇴장|레드카드|토방|난투극|인종차별|racism,1304072,4782,235,2849,https://i.ytimg.com/vi/gxPyzaYx7-c/default.jpg,FALSE,FALSE
1XPpG4-7kqk,빨강 VS 파랑 챌린지 || 123 GO! CHALLENGE Korean의 24시간 동안 단 한 가지의 색 음식만 먹기!,2020-09-17T03:00:00Z,UCe1Tc1UnOT_G_e85El86cZA,123 GO! CHALLENGE Korean,24,20.18.09,123 go 챌린지|123go 챌린지|챌린지|도전|123 go|123go|123go challenge korean|challenge,42109,475,69,23,https://i.ytimg.com/vi/1XPpG4-7kqk/default.jpg,FALSE,FALSE
QF64Z7jvLmM,【주간 핫클립】 - 2주년 기념 방송 하이라이트!,2020-09-17T08:00:08Z,UCn5uvvTSxRZF56g70dpfiog,윤이샘,22,20.18.09,윤이샘|윤이샘 유튜브|윤이샘 트위치|트위치|이샘,64850,2595,4,268,https://i.ytimg.com/vi/QF64Z7jvLmM/default.jpg,FALSE,FALSE
HBBmEc5QXVw,싼타페는 포기했나? 실내 대박! 현대 신형 투싼 정식 공개! 싼타페보다 1cm 짧은 휠베이스  New Hyundai Tucson,2020-09-15T05:03:38Z,UCrXkDAx7w0EbfnyM7yNzmpQ,Motorian모터리언,2,20.18.09,현대|투싼|신형 투싼|뉴 투싼|4세대 투싼|NX4 투싼|Hyundai|Tucson|New Tucson,172535,1418,109,300,https://i.ytimg.com/vi/HBBmEc5QXVw/default.jpg,FALSE,FALSE
jUQ4TwrrBKE,펀치넬로 (punchnello) - fine! (Feat. Kid Milli) Official MV (ENG),2020-09-17T09:00:01Z,UCW5gbSGTGIukUDsPt2sdhGw,AOMGOFFICIAL,10,20.18.09,펀치넬로|펀치|넬로|fine!|fine|키드밀리|kid milli|kidmilli|킫밀리|AOMG|아옴그|amog|에오엠지|인디고|어몽어스,68279,8145,28,757,https://i.ytimg.com/vi/jUQ4TwrrBKE/default.jpg,FALSE,FALSE
tpCn_4QrSrk,엽떡 똑같이 만들어 배달 바꿔치기해서 형 속이기ㅋㅋㅋㅋ,2020-09-17T10:49:32Z,UCem8l1w4OWhkqpoOg1SB4_w,재넌Jaenune,24,20.18.09,먹방 푸파 제일 비싼 제일비싼 한국 미국 영국 영국남자|몰래카메라|보물섬|더블비|송대익|몰카|장난|엽기떡볶이|엽떡|레시피|떡볶이|치즈|모짜렐라 치즈|배달|배달음식|형,27883,1109,63,468,https://i.ytimg.com/vi/tpCn_4QrSrk/default.jpg,FALSE,FALSE
BWksgZHmDpc,Kiss me (내일은 고백할게),2020-09-15T09:11:48Z,UCwzCuKxyMY_sT7hr1E8G1XA,TAEYEON - Topic,10,20.18.09,TAEYEON|태연|Do You Like Brahms? OST Part.5|브람스를 좋아하세요? OST Part.5|Kiss me|내일은 고백할게,88470,1597,29,40,https://i.ytimg.com/vi/BWksgZHmDpc/default.jpg,FALSE,FALSE
WAGlb7u9nqE,Stray Kids Back Door Dance Practice Video,2020-09-16T10:59:55Z,UC9rMiEjNaCSsebs31MRDCRA,Stray Kids,22,20.18.09,Stray Kids|스트레이 키즈|SKZ|스키즈|방찬|BANG CHAN|리노|이민호|LEE KNOW|MINHO|LEEMINHO|창빈|서창빈|CHANGBIN|SEOCHANGBIN|현진|황현진|HYUNJIN|HWANGHYUNJIN|한|지성|한지성|HAN|HANJISUNG|필릭스|FELIX|승민|김승민|SEUNGMIN|KIMSEUNGMIN|아이엔|양정인|정인|I.N|YANGJEONGIN|JEONGIN|백도어|back door|in life|스트레이 키즈 백도어|스트레이 키즈 back door|스키즈 백도어|백도어 안무영상|백도어 안무연습|백도어 안무|back door choreography|stray kids choreography|skz choreography|skz dance|스트레이 키즈 안무영상|스트레이 키즈 안무연습|스트레이 키즈 안무|스키즈 안무|스키즈 안무연습|스키즈 안무영상|스트레이 키즈 직캠,1625655,360685,900,14904,https://i.ytimg.com/vi/WAGlb7u9nqE/default.jpg,FALSE,FALSE
HeyDvliT-6E,귀엽고 짜증나는 미니 팬케잌 시리얼,2020-09-15T10:18:45Z,UCN8CPzwkYiDVLZlgD4JQgJQ,박막례 할머니 Korea Grandma,23,20.18.09,박막례|박막례할머니|막례할머니|박막례여사,607690,18429,349,1136,https://i.ytimg.com/vi/HeyDvliT-6E/default.jpg,FALSE,FALSE
12d9NCCLKOA,나희 x 규진 3년 후! 현실 쌍둥이 육아에 피로ㅠㅠ마지막 하이라이트 ♡나규커플♡ (ft.#한번다녀왔습니다),2020-09-16T11:30:00Z,UC3m0s5XAQydCtbLHc8j1Uog,KBS 한국방송,24,20.18.09,KBS|한국방송공사|mylovekbs|예고|티저,265729,4173,88,458,https://i.ytimg.com/vi/12d9NCCLKOA/default.jpg,FALSE,FALSE
JCY_dG3bg7Q,[김어준의 뉴스공장 FULL/9월 15일] '추미애 장관 청문회' 된 대정부질문,2020-09-15T02:10:37Z,UC5HSw5OY2vfVFSihpiB-AVQ,TBS 시민의방송,25,20.18.09,TBS|김어준|뉴스공장|대북전단|삐라|이재용|삼성|정경심|타투이스트|김여정,436127,29341,711,1074,https://i.ytimg.com/vi/JCY_dG3bg7Q/default.jpg,FALSE,FALSE
4bn96CyS-ns,"[철파엠] 김영철의 파워FM 20200917 라이브 (스타강사 이다지(녹), 정상근, 이초희,이상이)",2020-09-17T00:06:15Z,UCnWCV3SNQnrrOcABwLJd28A,[철파엠] 김영철의 파워FM 공식계정,24,20.18.09,철파엠|김영철의파워FM|김영철|주시은|주바페|라디오웹드|웹드라마|웹드|직장연애보고서|아나운서|SBS|스브스|아는형님|아형|레전드|직캠|4k|주짱구,17069,535,2,72,https://i.ytimg.com/vi/4bn96CyS-ns/default.jpg,FALSE,FALSE
K0jT4tegmAk,신기한 영상 2020 & 다시 한번보기 힘든 놀라운 순간 ! 가장 흥미롭고 믿을 수없는 장면 모음! #117,2020-09-14T09:50:13Z,UCQIJ1GlCJu2_tIrAD86XqmQ,BB Media,22,20.18.09,[none],957978,4685,1222,137,https://i.ytimg.com/vi/K0jT4tegmAk/default.jpg,FALSE,FALSE
cEfj7zjMFsc,"정청래, 추미애 아들 문제 전격 질의. 본회의장 웃음",2020-09-14T07:00:55Z,UCLiK08tsWKL5bNoz1f8sHsw,MediaVOP,25,20.18.09,민중의소리|이슈,501575,15524,1320,3849,https://i.ytimg.com/vi/cEfj7zjMFsc/default.jpg,FALSE,FALSE
iQ4yob0uL6E,EP.04 탈출 혹은 투옥 [아라비안 나천재],2020-09-16T09:30:11Z,UCRuSxVu4iqTK5kCh90ntAgA,총몇명,1,20.18.09,총몇명|아라비안 나천재|ㅋㅋㅋ|재미|나천재|웃긴,1234644,31699,552,4018,https://i.ytimg.com/vi/iQ4yob0uL6E/default.jpg,FALSE,FALSE
FUk5EzqOpC4,추미애 아들이 보낸 “해결됐다” 메시지,2020-09-16T10:40:04Z,UCIIpmDPVk7nzNHEUSHmvkUg,채널A 뉴스TOP10,25,20.18.09,메시지|아들|추미애|해결됐다,212852,5050,346,1060,https://i.ytimg.com/vi/FUk5EzqOpC4/default.jpg,FALSE,FALSE
mpnaax3DvfU,진기명기,2020-09-17T09:00:08Z,UCaKod3X1Tn4c7Ci0iUKcvzQ,런닝맨 - 스브스 공식 채널,24,20.18.09,런닝맨|유재석|송지효|하하|이광수|runningman|김종국|RunningMan|Runningman|SBS|sbs|running man|Kim Jong Kook|Lee Kwang Soo|Ji Seok Jin|Yoo Jae Suk|Song Ji Hyo|Haha|Gary|Yang Se Chan|Jeon So Min|지석진|전소민|양세찬,362920,7720,82,1017,https://i.ytimg.com/vi/mpnaax3DvfU/default.jpg,FALSE,FALSE
D9Wh7gTmrcU,"폭력용역근절,시민단체가 나섰다   20,09.17  [시사창고]",2020-09-17T04:56:41Z,UCMqadVMd0fFKchXVREIDWSA,황경구의 시사창고,25,20.18.09,[none],22262,5060,53,73,https://i.ytimg.com/vi/D9Wh7gTmrcU/default.jpg,FALSE,FALSE
o2UsuVWPV_M,[주식왕용느]매수매도가그립다...★당신의매수매도는어느누구도책임지지않습니다...,2020-09-16T07:11:47Z,UCbHN1sTuPySKpnqKSp0JHRQ,TV용느님,20,20.18.09,용느|주식|단타,120431,1032,161,82,https://i.ytimg.com/vi/o2UsuVWPV_M/default.jpg,FALSE,FALSE
mj-mns1GFVI,[원피스 정보] 소름! 최강의 해적 흰수염을 서서히 죽게만든건 도플라밍고? 최근 공개된 원피스 공식정보 정리!,2020-09-17T10:25:06Z,UCzK9qn0B4B-yL0uEzjxTp_w,TV랜덤,1,20.18.09,원피스|루피|조로|상디|나미|카이도우|빅 맘|카타쿠리|도플라밍고|흰수염|록스|록스해적단|거프|로저,69714,800,57,146,https://i.ytimg.com/vi/mj-mns1GFVI/default.jpg,FALSE,FALSE
AUQQLgUMdxc,대학생들과 함께하는 금융교육 (고려대학교 투자 동아리),2020-09-17T09:07:44Z,UCXWOlSe2GHTev8QZhY_gMPg,존리라이프스타일 주식,27,20.18.09,금융|금융교육|금융문맹|금융투자|주식|주식투자|주식교육|펀드|펀드투자|투자|투자교육|재테크|자산운용|자산운용사|노후|노후준비|노후대책|복리효과|복리|주식강의|주식강좌|존리대표특강|주식공부|주식초보|주식부자|주식종목|주식시장|금융상식|펀드매니저|애널리스트|돈|신용카드|체크카드|수입|소득|지출|통장|경제위기|주식형펀드|연금|개인연금|퇴직연금|금리|이자율|이자|배당|회전율|펀더멘탈|부동산|ETF|여유자금|은행|예금|마켓타이밍|원금보장|DB|DC|배당소득|펀드앱|헤지펀드|장기투자|msci|연금저축|저축펀드|인덱스펀드|사모펀드|공모펀드|메리츠자산운용|메리츠펀드|경제독립버스|메리츠|존리|존리대표|주니어펀드|샐러리맨펀드|시니어펀드|우먼펀드|더우먼펀드|코스닥|코스피|하락|폭락|상승|경제|한국주식|연금저축펀드|연금저축보험|연금펀드|적금|연말정산|연금제도|국민연금|세액공제|세금|상장|주식상장|코로나|전염병|미국주식|서킷브레이크|사이드카|동학개미운동|인버스,19789,828,16,57,https://i.ytimg.com/vi/AUQQLgUMdxc/default.jpg,FALSE,FALSE
_J-BQNyT3q4,"우리집 분위기는 내가 책임진다! 김해 7살 신동 백고은♥ 어쩜 이렇게 좋을수가~ 무대 모음 | 사랑 참, 무명배우",2020-09-14T08:00:03Z,UCUsCKdK1HlmBfAjaftDcEJw,KBS창원 뮤직,10,20.18.09,#백고은|#사랑참|#무명배우|#우리집비타민|#노래가좋아|#트로트신동|#트롯신동,187590,2219,146,118,https://i.ytimg.com/vi/_J-BQNyT3q4/default.jpg,FALSE,FALSE
VIDvsM9GI6o,[2020년 09월 17일 목요일 고성국의 뉴스중심 생방송],2020-09-17T12:11:10Z,UCM8BcGB6BWKq3utIMhGKnUA,고성국TV,25,20.18.09,[none],33396,6670,75,73,https://i.ytimg.com/vi/VIDvsM9GI6o/default.jpg,FALSE,FALSE
RoFCbALOhsE,[사건실화] 1차로가 앗아간 안타까운 두 생명 - 실화탐사대 (9월12일 방송) #실화탐사대 #실화On,2020-09-14T03:00:03Z,UC0imORt231LWWyyotvE3lUw,실화 On,25,20.18.09,사건|실화|실화탐사대|신동엽|김정근|강다솜|박지훈|실화On|실탐|주간사건실화|사건실화|Truestory|실화탐사|충격실화|1차로|앗아간두생명|은결|빈아|고잔|고잔톨게이트|사고차량|미조치,573540,4828,176,2255,https://i.ytimg.com/vi/RoFCbALOhsE/default.jpg,FALSE,FALSE
h0MNH6Amu30,"[100분토론] - 추미애 장관 아들 논란, 사실은? (885회)",2020-09-15T16:01:41Z,UCD46H9Pm3nLqCj7vv3pQkPA,MBC 100분토론,25,20.18.09,정준희|100분토론|백분토론|토론|윤건영|황보승희|국민의청원|프레임토론|원격수업|추미애|군대|휴가,159218,2981,200,1798,https://i.ytimg.com/vi/h0MNH6Amu30/default.jpg,FALSE,FALSE
MwEO4gon_l8,민주당 구역질 난다라네요 [라이브 EP156],2020-09-17T03:42:28Z,UCXsbYbgwmk_zbTTdwCn_1Ig,엄튜브 /EOMTUBE,22,20.18.09,추미애|추미애 아들|추미애 아들 군대 병가|추미애 아들 병가 연장|추미애 아들 안중근|진중권|윤주경|김은혜|안철수|박성준|박성준 사과|추미애 아들 의혹제기 쿠데타|홍영표|홍영표 쿠데타|신원식|한기호|황희|황희 당직사병|이채익|윤지오|윤지오 SNS|윤지오 추미애|윤지오 법무부|박용진|박용진 추미애 아들|박용진 SNS|추미애 아들 영국 축구|미스터트롯|임영웅|영탁|이찬원|사랑의 콜센타|하태경 추미애|국방부|국방부 민원실 전화|국방부 녹취록|국방부 민원실|박형수|추미애 병가 문서|국방부 웹툰|청와대|문재인|국민의힘|더불어민주당|엄튜브|엄성섭|TV CHOSUN,26653,4099,35,26,https://i.ytimg.com/vi/MwEO4gon_l8/default.jpg,FALSE,FALSE
bkr_3VV0BJ0,베이블레이드 버스트 슈퍼킹 8화 괴물 등장! [BEYBLADE BURST SUPERKING ANIMATION],2020-09-17T05:00:04Z,UCb9QeMUewbmQ0Qzvmg6af1w,BEYBLADE BURST KOREA,1,20.18.09,만화영화|영실업|youngtoys|일본 만화|일본 애니메이션|베이블레이드|팽이|베이블레이드 버스트|팽이 배틀|베이블레이드 버스트 만화|beyblade burst|beyblade toys|toys|베이블레이드 경기장|베이 스페셜|베이 개조|서아진|GT|에이스 드래곤|차범|차현|강산|킹헬리오스|슈퍼 하이페리온|브레이브 발키리|슈퍼킹|베이 슈퍼킹|베이블레이드 슈퍼킹|superking|beyblade superking|베이 시즌5|베이블레이드 시즌5,31011,546,28,0,https://i.ytimg.com/vi/bkr_3VV0BJ0/default.jpg,FALSE,FALSE
gj9ZlifYAgM,Barcelona vs Girona 3-1 - All Goals & Extended Highlights - 2020,2020-09-16T18:56:46Z,UCpdjmW7nkYFrrfwqmKzOHsA,GOL Rесord?,24,20.18.09,Barcelona|vs|Girona|3-1|Highlights|Goals|2020,879010,12835,1171,686,https://i.ytimg.com/vi/gj9ZlifYAgM/default.jpg,FALSE,FALSE
qgOlXCg6jsk,국방위 국방장관 인사청문회 | 김정은 참수작전에 대비하라,2020-09-16T11:37:34Z,UCfmicRK2-WdZMVQDrfcitLA,TV홍카콜라,25,20.18.09,홍준표|tv홍카콜라|홍카콜라|홍카tv|홍카콜라tv|홍준표tv|자유한국당|배현진|홍준표유튜브|국방부장관,39293,2829,24,411,https://i.ytimg.com/vi/qgOlXCg6jsk/default.jpg,FALSE,FALSE
OWcEcuR7wC0,TREASURE - '사랑해 (I LOVE YOU)' M/V TEASER,2020-09-15T15:00:07Z,UCx9hXYOCvUYwrprEqe4ZQHA,TREASURE (트레저),24,20.18.09,YG Entertainment|YG|와이지|K-pop|트레져|트레저|TREASURE|CHOI HYUN SUK|JIHOON|YOSHI|JUNKYU|MASHIHO|YOON JAE HYUK|ASAHI|BANG YE DAM|DOYOUNG|HARUTO|PARK JEONG WOO|SO JUNG HWAN|최현석|지훈|요시|준규|마시호|윤재혁|아사히|방예담|도영|하루토|박정우|소정환|TREASURE 사랑해|사랑해|THE FIRST STEP|CHAPTER TWO|트레저 사랑해|트레저 B.L.T|TREASURE B.L.T|B.L.T|Bling Like This|TREASURE BLT|트레저 BLT|THE FIRST STEP : CHAPTER TWO,1595368,322039,1152,27140,https://i.ytimg.com/vi/OWcEcuR7wC0/default.jpg,FALSE,FALSE
uGyzYwhleeE,Whenever You Call,2020-09-17T10:15:29Z,UCFK3iAGAFy6q8lS8NspImrQ,ARASHI - Topic,10,20.18.09,ARASHI|Bruno Mars|D'Mile|Whenever You Call,113463,15829,165,1230,https://i.ytimg.com/vi/uGyzYwhleeE/default.jpg,FALSE,FALSE
uXjpkNN1TbI,"서울대병원 류지곤 교수의 건강법, 1일 1식과 걷기 - 745회. (20.09.16) 걸음아 나 살려라 ‘10cm 더’ - 3편 잘 먹고 잘 걷기",2020-09-17T03:30:14Z,UCiV4_cGVt-t-j6jMQ7RCrXw,KBS 생로병사의 비밀,27,20.18.09,생로병사의비밀|생로병사|생로라이브|KBS|건강수명|웰빙|다이어트|건강정보|의학정보|걸음|걷기|보폭|10cm|운동|생활체육|걷기 운동|잘 먹고 잘 걷기|자세|걷는 자세|허리|다리|팔|관절|기초대사량|서울대병원|류지곤|1일 1식. 식습관|단백질|탄수화물|먹기 위해 운동,30886,477,12,35,https://i.ytimg.com/vi/uXjpkNN1TbI/default.jpg,FALSE,FALSE
fiYXI44VlUg,17 (feat. Joshua and DK of SEVENTEEN),2020-09-17T08:01:17Z,UCz5NI8RyL8RUX573SoLH-bg,Pink Sweat$ - Topic,10,20.18.09,Pink Sweat$|SEVENTEEN|17 (feat. Joshua and DK of SEVENTEEN),153315,42310,29,4775,https://i.ytimg.com/vi/fiYXI44VlUg/default.jpg,FALSE,FALSE
Y1zFu93y9y8,※놀라지마세요※ 성교육 책 들여다보니.. | 해운대 포르쉐 통장 60개는 왜?,2020-09-16T01:07:54Z,UC4Aa3OPkMenwTANpf0oWVRQ,CBS 김현정의 뉴스쇼,25,20.18.09,김현정|뉴스쇼|통장60개|해운대 포르쉐|덴마크 성교육|성교육 동화책|을왕리 벤츠|평택 편의점,77198,1892,124,182,https://i.ytimg.com/vi/Y1zFu93y9y8/default.jpg,FALSE,FALSE
qG0853dhnNI,"실물 공개된 LG 윙 (Wing), 신박한 스마트폰 자세히 살펴보기!",2020-09-14T15:00:10Z,UCO4RG1vk36RKwc2z6TZ7Djw,이퓨,28,20.18.09,LG 윙|윙|LG Wing|Wing|LG전자|LG전자 스마트폰|LG전자 윙|테크|tech|기술|스마트폰|it|smartphone|모바일|mobile,168306,1250,474,843,https://i.ytimg.com/vi/qG0853dhnNI/default.jpg,FALSE,FALSE
3NFi_24wx54,계속되는 무차별 질문공격에 급소를 찌른 추미애 국힘당의 억지와 궤변은 어떻게 책임질거냐,2020-09-17T08:48:32Z,UC1ihKJ6GH37xoWdtllZqhLw,팩트TV NEWS,25,20.18.09,팩트티비|팩트TV|FACTTV|더불어민주당|국회|정의당|열린민주당|미래통합당|국민의힘|추미애|김승수|대정부질문,230055,10130,202,3858,https://i.ytimg.com/vi/3NFi_24wx54/default.jpg,FALSE,FALSE
3oknrKNo7Bw,"중국, 이번엔 한국무기에 제대로 참교육 당했다 / 중국과 인도의 중인전쟁으로 한국의 k-9이 또다시 떡상한 이유",2020-09-17T09:00:01Z,UCp6WQCReo512WxExm7u6Vyg,꺼리튜브,28,20.18.09,꺼리튜브|퍼플튜브|시사멘터리|바이스톰코리아|잡식왕|쓸모왕|바나바튜브|트래블튜브|페페티비|깡통맨|한국무기|한국무기수출|한국무기들|밀리터리|군사|안보|국방tv|군사력|신인균tv|유용원|문재인|icbm|탄도미사일|kf-x|첨단 항공무기|신인균|한국|스텔스|초음속미사일|극초음속미사일|f-22|f-35|f35b|항모|한국항공모함|경항공모함|경항모|현무미사일|현무|비궁|유도미사일|한국육군전력|한국해군전력|한국공군전력|중국전투력|비대칭무기|첨단무기|emp|핵잠수함|한국잠수함|원자력추진잠수함|리얼리즘|여왕tv|깡통튜브|최고수익률|한국방산무기 수출|uae|세상의 모든반응|외국반응|해외반응|한국핵무장|핵무기|최첨단무기|지식스토리|에이사레이더|AESA|무인기|군사무기|군사지식|잠수함|밀덕|밀떡|밀리터리덕후|밀리터리매니아|k-9|자주포 사격|자주포 순위|자주포 사격영상|자주포 사거리|랩탄사격|중국자주포plz 52|중국자주포 k9|중국자주포 망신|중국자주포 해외반응,157578,5250,147,175,https://i.ytimg.com/vi/3oknrKNo7Bw/default.jpg,FALSE,FALSE
iab3tVa6EjY,아이스크림왕 만나서 네고해왔습니다 [네고왕] Ep.5,2020-09-11T09:30:02Z,UC0SoPwEH3idvemSDvKaYgGA,달라스튜디오,23,20.18.09,예능|달라스튜디오|DALLA|할인|광희|황광희|제아|제국의아이들|여름|빙수,4333437,111376,1417,15375,https://i.ytimg.com/vi/iab3tVa6EjY/default.jpg,FALSE,FALSE
OPG5MYnD2n0,LG 윙 WING 스마트폰 일주일 사용해본 결과! 카메라 짐벌 모드는 정말 될까?,2020-09-17T07:59:36Z,UCCUfsf35PukA4gEsU2hTtQg,딴트공말방구 실험실,28,20.18.09,LG WING|WING|WING SMARTPHONE|LG 윙|윙스마트폰|LG스마트폰|말방구실험실,33879,1060,28,482,https://i.ytimg.com/vi/OPG5MYnD2n0/default.jpg,FALSE,FALSE
f4uHyJzauZ8,막상 따라해보면 엄청 신기한 [집에서 할 수 있는 챌린지3탄] tiktok challenge #3 heopop,2020-09-17T10:41:03Z,UCk6bX-MZXdte_7kG8TbMkqg,허팝Heopop,24,20.18.09,허팝|heopop|gjvkq|tiktok|tiktok challenge|home challenge|cup challenge|종이|종이 챌린지|컵 챌린지|농구공 병 챌린지|농구공|basketball|틱톡|틱톡 챌린지|집에서 할 수 있는 챌린지|사회적 거리두기|집에서|at home|home|home life|집에서 챌린지|집에서 게임|집|house|아파트|친구들이랑|직원|친구|가족|family game|family|famaily challenge,189721,5296,210,1401,https://i.ytimg.com/vi/f4uHyJzauZ8/default.jpg,FALSE,FALSE
CWFn4aFvSO0,'이인영 장관의 카리스마'에 박진 의원 '당황',2020-09-15T08:09:18Z,UCzQJmmpZjqzJe96CwlrwlHQ,시사타파TV,25,20.18.09,[none],131042,9512,102,1083,https://i.ytimg.com/vi/CWFn4aFvSO0/default.jpg,FALSE,FALSE
ErC5f7OlPdU,"*사지가 뒤틀린 기모노 인형, 방송 제작진도 중간에 포기해버렸다. 인피인형의 진실  | 토요미스테리 | 디바제시카",2020-09-14T09:27:18Z,UCh6O-aBKR-99dg4rPy69CXg,디바제시카DeevaJessica,27,20.18.09,디바제시카|토요미스테리|금요사건파일|귀로듣는영화|쇼킹탑텐|무서운이야기|공포이야기|지식정보튜브|토미|금사파|지튜|미스테리|공포영화|귀듣영|제시카,363587,6941,308,1241,https://i.ytimg.com/vi/ErC5f7OlPdU/default.jpg,FALSE,FALSE
Ea-IR1HxCW0,#김다현 #황민우 나이는 숫자? 마음은 진짜? 무대에 완전 진심인 신동들! 예~~~뻐!!?? [대케가수],2020-09-14T07:45:11Z,UCUnSdg6_nmdhh2fXjsNqTXg,KBS대전,24,20.18.09,KBS|세종|충남|kbs|대전광역시|충청남도|보이스트롯|황민우|김다현|리틀싸이 황민우|리틀싸이|싸이|국악신동|국악신동 김다현|트롯신동|트로트 신동|트로트|트롯|trot|보이스트롯 김다현|보이스트롯 황민우|황민우 나팔바지|황민우 빌리진|빌리진|모나리자|황민우 마이클잭슨|국악소녀|트로트 꿈나무|국악자매|트로트 무대|보이스트롯 신동|김봉곤|훈장님|김다현 훈장님|김연자|김연자 아모르파티|아모르파티|황민우 아모르파티|황민우 강남스타일|강남스타일|사랑가|진달레꽃|김다현 사랑가|김다현 진달레꽃|김다현 이별가|바람의 빛깔|김다현 바람의 빛깔|산도깨비|김다현 산도깨비|김다현 국악|김다현 노래|황민우 노래|황민우 싸이,339851,3536,213,120,https://i.ytimg.com/vi/Ea-IR1HxCW0/default.jpg,FALSE,FALSE
X-uJtV8ScYk,Stray Kids Back Door M/V,2020-09-14T08:59:57Z,UCaO6TYtlC8U5ttz62hTrZgg,JYP Entertainment,10,20.18.09,JYP|Stray Kids|스트레이 키즈|SKZ|스키즈|방찬|BANG CHAN|리노|LEE KNOW|창빈|서창빈|CHANGBIN|SEOCHANGBIN|현진|황현진|HYUNJIN|HWANGHYUNJIN|한|한지성|HAN|HANJISUNG|필릭스|FELIX|승민|김승민|SEUNGMIN|KIMSEUNGMIN|아이엔|양정인|I.N|YANGJEONGIN|stray kids comeback|stray kids music video|skz back door|스트레이 키즈 back door|스트레이 키즈 백도어|스키즈 백도어|스키즈 back door|back door 뮤비|back door 뮤직비디오|백도어 뮤비|백도어 뮤직비디오|back door music video|back door mv|스트레이 키즈 뮤비|스키즈 뮤비|in life|stray kids in life|skz mv|스트레이 키즈 인생,25709609,1885831,20916,547041,https://i.ytimg.com/vi/X-uJtV8ScYk/default.jpg,FALSE,FALSE
S3tYZ0cWMDs,You're In My Soul (You're In My Soul),2020-09-15T10:32:43Z,UC9d7PQfOFN9tuuRO1WSVpfA,Various Artists - Topic,10,20.18.09,청하 (CHUNG HA)|청춘기록 (Original Television Soundtrack) Pt. 2 (Record of Youth (Original Television Soundtrack) Pt. 2)|You're In My Soul (You're In My Soul),24592,237,4,2,https://i.ytimg.com/vi/S3tYZ0cWMDs/default.jpg,FALSE,FALSE
sXxbW6ZR-W8,[자막뉴스] 편의점 돌진 여성이 경찰 조사에서 한 말 / YTN,2020-09-17T00:17:44Z,UChlgI3UHCOnwUGzWzbJ3H5w,YTN news,25,20.18.09,YTN|뉴스|와플뉴스|자막뉴스|편의점 돌진|평택 편의점|평택|편의점,494941,2974,126,3070,https://i.ytimg.com/vi/sXxbW6ZR-W8/default.jpg,FALSE,FALSE
F6U-LBQdLR8,"'드디어 터졌다' 이승우, 데뷔골+멀티골 폭발 #SPORTSTIME",2020-09-13T19:01:46Z,UCnXNukjRxXGD8aeZGRV-lYg,스포츠타임,17,20.18.09,이승우|벨기에|유럽|멀티골|데뷔골|세리에|헬라스|이탈리아|신트트라위던|스포티비|스포티비 나우|spotv|lee seung woo|해외축구|스페인|바르셀로나|바르샤,613363,4650,110,910,https://i.ytimg.com/vi/F6U-LBQdLR8/default.jpg,FALSE,FALSE
NRx69mwJ-tY,경리 형수 성대모사하다가 경리 형수한테 들켜버린 상황 ㄷㄷㄷ [oh Hot] - KoonTV,2020-09-15T08:20:43Z,UCbfRcXCHe5I2RI6F8XIUQng,최군TV funny,24,20.18.09,최군TV funny|쿤티비|최군|만만|이채이|꼰대즈|으른즈|만만 성대모사|BJ 성대모사|최군 만만|최군 이채이|최군 임아니|임아니,153781,1283,71,118,https://i.ytimg.com/vi/NRx69mwJ-tY/default.jpg,FALSE,FALSE
qB135yqEgOU,[선공개] 인성 문제 없는 이근대위의 특수 요원 훈련!(*유행어 자판기 주의*)ㅣ집사부일체(Master in the House)ㅣSBS ENTER.,2020-09-13T00:00:05Z,UCmjNKt6kITwaZTqvWuaSPLg,SBS Entertainment,24,20.18.09,sbs|20200913|이승기|양세형|신성록|차은우|김동현|집사부일체예고|집사부일체137예고|집사부일체미리보기,1539190,18871,315,3652,https://i.ytimg.com/vi/qB135yqEgOU/default.jpg,FALSE,FALSE
364Cz3G7RFs,동갑내기 축구 과외하기? Ep.1 디딤발의 중요성 [시켜서한다! 오늘부터 운동뚱] 27회,2020-09-16T09:00:13Z,UCsOW9TPy2TKkqCchUHL04Fg,맛있는 녀석들 (Tasty Guys),24,20.18.09,맛있는 녀석들|Tasty Guys|김준현|김민경|문세윤|유민상|코미디TV|오늘부터운동뚱|운동뚱|민경장군|이천수|축구|운동뚱축구|김민경축구|이천수운동뚱|프리킥|soccer|football|freekick|shooting|beckham|epl|son|tottenham|리춘수|뭉쳐야찬다|슛포러브|박지성|손흥민|이강인|이승우|조원희|지소연|여자축구|베컴|메시|호날두|MESSI|김진수|유상철|김병지|안정환|꼼병지|ronaldo|이영표|조차박|차병근|트래핑|드리블|trappng|dribble|풋살|조기축구|이운재|리버풀|liverpoor|웹예능|네고왕|댄스뚱|오늘부터댄스뚱,442713,9240,73,1399,https://i.ytimg.com/vi/364Cz3G7RFs/default.jpg,FALSE,FALSE
DEOe_AgSU84,‘Criminal’ Dance Tutorial with 탬또롤 l TAEMIN 태민,2020-09-16T13:00:07Z,UCyPwRgc3gQGqhk6RoGS50Ug,SHINee,22,20.18.09,[none],411232,68804,71,3683,https://i.ytimg.com/vi/DEOe_AgSU84/default.jpg,FALSE,FALSE
gdkpB9uRxzs,[일싸천리] 국산 애니 '시타를 위하여' 후원금 먹튀 사건 (분노주의),2020-09-15T09:30:11Z,UCYH0isveXrujjCH4Z2F4p4g,덕양소,1,20.18.09,덕후양성소|덕양소|애니추천|덕양소 노래|덕양소 애니추천|일싸천리|덕양소 일싸천리|텀블벅 먹튀|시타를|시타를 위하여|시타를 위하여 먹튀|쇽스튜디오|쇽 스튜디오|쇽 스튜디오 먹튀|텀블벅|펀딩 먹튀|국산 애니|쓰레기|쓰레기 애니|쓰레기 애니 리뷰|시타를 위하여 애니,417196,9735,84,2475,https://i.ytimg.com/vi/gdkpB9uRxzs/default.jpg,FALSE,FALSE
r_VSll0WLZE,Introducing iPad Air ? Apple,2020-09-15T18:30:34Z,UCE_M8A5yxnLfW0KghEeajjw,Apple,28,20.18.09,Apple|iPad Air|iPad|Apple Pencil|Magic Keyboard|10.9-inch Liquid Retina display|A14 Bionic chip|sky blue|green|rose gold|space gray|silver|Touch ID|12MP back camera|FaceTime camera|Scribble|Take Note|Notes|note taking,10067738,126382,12198,0,https://i.ytimg.com/vi/r_VSll0WLZE/default.jpg,TRUE,FALSE
hmfOzbrR6bU,구독자 수 공개 영상,2020-09-15T17:51:28Z,UCSR09bpjHonRntnam2Y9edw,잼일,22,20.18.09,[none],57565,1161,59,335,https://i.ytimg.com/vi/hmfOzbrR6bU/default.jpg,FALSE,FALSE
SJ9vRv9jhds,속보)육본 대위 등장!! [라이브 EP155],2020-09-16T03:45:26Z,UCXsbYbgwmk_zbTTdwCn_1Ig,엄튜브 /EOMTUBE,22,20.18.09,윤미향|윤미향 검찰|윤미향 당원권 정지|윤미향 길원옥|추미애|추미애 아들|추미애 아들 병가 연장|추미애 아들 휴가|국방부|청와대 국민청원|휴가 청와대 국민청원|김태년|김태년 카톡|민홍철|최형두|진중권|김태년 카톡 병가 연장|정경두|추미애 정경두|국방부 정경두|하태경 정경두|당직사병|육군본부 대위|육본대위 등장|국회 대정부 질문|미스터트롯|임영웅|영탁|이찬원|사랑의 콜센타|국방부 민원 녹취|검찰 국방부 압수수색|김어준|뉴스공장 법정제재|정의연 입장문|윤미향 불기소|정경심|조국|조국 아들|청와대|문재인|국민의힘|더불어민주당|엄튜브|엄성섭|TV CHOSUN,41991,5668,145,115,https://i.ytimg.com/vi/SJ9vRv9jhds/default.jpg,FALSE,FALSE
naBL8bQLqOo,"엘린님, 그냥 속시원하게 다 말하시죠",2020-09-16T11:13:36Z,UC69uMhRJcUnvMnMxKT2SS0w,(MUTUBE)와꾸대장봉준,23,20.18.09,아프리카tv|봉준|와꾸대장봉준|BJ|컨텐츠|BJ봉준|인터넷방송|클립|웃긴영상|남캠|ENGSUB|KOREAN|korea|english|김봉준|코미디|크레용팝|엘린|박서아|타인의삶|크레용팝 엘린,662963,5629,409,698,https://i.ytimg.com/vi/naBL8bQLqOo/default.jpg,FALSE,FALSE
Sx7pTVMxEZo,SuperM 중간고사 | SuperM Midterm Exam : ??MARK ??BAEKHYUN,2020-09-13T14:00:12Z,UCcjV926qiLr_Ghw6A0lTNjA,SuperM,10,20.18.09,[none],1301639,0,0,11559,https://i.ytimg.com/vi/Sx7pTVMxEZo/default.jpg,FALSE,TRUE
ceMx1QEkAP8,[내가 가장 예뻤을 때] ＂너 아직 예지 좋아하냐?＂ 9회 예고 20200916,2020-09-16T13:44:28Z,UC7lb15P-Hux7A5gBuhCxtuQ,MBCdrama,24,20.18.09,임수향|지수|하석진|황승언|예고|내가예|내가 가장 예뻤을 때|MBC|수목드라마|첫사랑|형제|사랑|운명|아픔|삼각관계,49316,318,3,53,https://i.ytimg.com/vi/ceMx1QEkAP8/default.jpg,FALSE,FALSE
3UT9XE-Ut7k,정치클리핑 109회 - 文대통령·민주당 지지율 동반 상승! 국힘당은 20%대 추락,2020-09-17T06:29:59Z,UCzQJmmpZjqzJe96CwlrwlHQ,시사타파TV,25,20.18.09,[none],47348,7190,58,142,https://i.ytimg.com/vi/3UT9XE-Ut7k/default.jpg,FALSE,FALSE
nuoDicpqWds,평택 편의점 GTA 실사판,2020-09-16T00:51:16Z,UCGIgfGYSp7pDBSDH5rWPGcA,한그릇브라더스TV,25,20.18.09,평택|gta|편의점,18955,82,12,178,https://i.ytimg.com/vi/nuoDicpqWds/default.jpg,FALSE,FALSE
ROPepyznAuE,"세계 9위 부자까지 올랐던 대한민국 최고의 재벌, 아무도 못하면 현대가 한다! 현대家 스토리 / 14F",2020-09-13T07:00:04Z,UCLKuglhGlMmDteQKoniENIQ,14F 일사에프,25,20.18.09,14f|일사에프|현대자동차BTS|삼성크룹|현대카드|현대백화점|현대중공업|정몽구|정의선|이병철|소비더머니,889557,15549,340,2352,https://i.ytimg.com/vi/ROPepyznAuE/default.jpg,FALSE,FALSE
Pii224aV-jY,GalaxyxBTS: The Strange Tailor Shop ?? | Samsung,2020-09-13T11:11:41Z,UCWwgaK7x0_FR1goeSRazfsQ,Samsung,28,20.18.09,Samsung|SamsungGalaxy|Galaxy|GalaxyNote20|BTSxGalaxy|BTS|RM|Jin|SUGA|j-hope|Jimin|JungKook,1854394,384095,1791,18744,https://i.ytimg.com/vi/Pii224aV-jY/default.jpg,FALSE,FALSE
0OTE_qr85n4,"트로트 여왕 장윤정과?트로트샛별 서라안의 가슴을 울리는 역대급 애절함~  ♪목포행 완행열차♪ | 장윤정, 서라안",2020-09-15T10:00:01Z,UCUsCKdK1HlmBfAjaftDcEJw,KBS창원 뮤직,10,20.18.09,목포행완행열차|장윤정|서라안|트로트여왕|트로트샛별|신동|노래가좋아|애절함|레전드,41576,437,37,21,https://i.ytimg.com/vi/0OTE_qr85n4/default.jpg,FALSE,FALSE
7Tj450Lf9bY,너무 잘 만들어서 3300년 전으로 돌아간 것 같다고 극찬이 터져나온 영화,2020-09-12T01:00:39Z,UCLIgl1OnHngMxYkkNJ-uO5w,UTZI웃지,1,20.18.09,영화|영화소개|영화리뷰|영화추천|엑소더스|출애굽기|모세|파라오|람세스|이집트|히타이트,908287,12280,5422,5207,https://i.ytimg.com/vi/7Tj450Lf9bY/default.jpg,FALSE,FALSE
B92JWCX2dKE,ASTRO 아스트로 문빈&산하 - Bad Idea DANCE PRACTICE,2020-09-16T10:45:01Z,UCZqY2yIsAM9wh3vvMwKd27g,ASTRO 아스트로,10,20.18.09,ASTRO|아스트로|판타지오뮤직|판타지오|fantagio|fantagioMusic|ASTROPLAY|아스트로플레이|차은우|문빈|진진|엠제이|윤산하|라키|ChaEunWoo|MoonBin|JINJIN|MJ|YoonSanHa|ROCKY|또까|DDOCA|안무영상|배드아이디어|Bad Idea|Dance Practice,146162,35762,54,1680,https://i.ytimg.com/vi/B92JWCX2dKE/default.jpg,FALSE,FALSE
gcAIsQpzGIA,"[ENG] 가짜사나이, 에뛰드 드디어 성사?! 알바 취소로 장성규 집까지 찾아가 라운드걸 약속 받아낸 구독자 소통 특집 | 워크맨 ep.67",2020-09-11T09:00:24Z,UCwx6n_4OcLgzAGdty0RWCoA,워크맨-Workman,24,20.18.09,studiolululala|JTBC|스튜디오룰루랄라|룰루랄라|워크맨|직업리뷰|알바리뷰|알바썰|알바|직업|장성규|김민아|와썹맨|workman|job|wassupman|아르바이트|후기|알바후기|직업후기|소통|댓글읽기|가짜사나이|에뛰드|극한직업|이근|피지컬갤러리|리뷰,1808257,31930,584,8143,https://i.ytimg.com/vi/gcAIsQpzGIA/default.jpg,FALSE,FALSE
KToUMgGsw7U,"7287회. (풀영상 공개)포르쉐, 부산 도심 한복판에서 시속 140km 신호 위반으로 도주하다 7중 추돌 사고 내고 전복. 그런데 음주가 아니다?",2020-09-15T05:30:01Z,UCH5U89kvHrVxxS80xpoOydw,한문철 TV,2,20.18.09,스스로닷컴|블박세|susulaw|블랙박스|교통사고|traffic|video|traffic accident|몇대몇|블박|블랙박스로 본 세상|black box|accident|yt:cc=on|dash cam|영상|car|과실비율|사고|한문철,565588,4354,194,1871,https://i.ytimg.com/vi/KToUMgGsw7U/default.jpg,FALSE,FALSE
NYB6hPraGA0,미국 언론들의 극찬! 류현진의 엄청난 또 다른 능력에 감탄해버린 이유! 토론토감독 “등판은 류현진 마음대로!” 류현진이 한 놀라운 말은?,2020-09-15T10:37:08Z,UCmGLKQgLtGhH4goyguKCFWA,흰수염고래스포츠,17,20.18.09,류현진 4승|류현진 에이스|류현진 인터뷰|토론토 포스트시즌|류현진 해외반응|류현진 연봉|류현진 뉴욕|류현진 평균자책점|류현진 사이영상|토론토 월드시리즈,192450,2803,82,80,https://i.ytimg.com/vi/NYB6hPraGA0/default.jpg,FALSE,FALSE
0hQFW_yFtRY,"드디어 공개된 손흥민 요리스 싸움 녹취록 영어, 충격적이네요..",2020-09-12T07:15:00Z,UCHpIHu4LzmNuD8bsE6mZLSA,영알남YAN,27,20.18.09,손흥민 다큐|손흥민 스페셜|손흥민 반응|손흥민 요리스|손흥민 수비|손흥민 경기후|손흥민 눈물|손흥민 난투극|손흥민 레전드|토트넘 다큐|토트넘 경기|토트넘 경기후|토트넘 공식|토트넘 다큐멘터리|토트넘 다큐 손흥민|토트넘 반응|축구 하이라이트|축구 다큐|축구 싸움|축구 레전드|축구 스페셜|축구 경기|프리미어리그 하이라이트|프리미어리그 토트넘|프리미어리그 경기|프리미어리그 뉴스|프리미어리그 다큐,2178052,21452,1934,6105,https://i.ytimg.com/vi/0hQFW_yFtRY/default.jpg,FALSE,FALSE
x4eHK6KWobA,LG Wing Unboxing - This Thing is WILD,2020-09-14T14:33:21Z,UCsTcErHg8oDvUnTzoqsYeNw,Unbox Therapy,28,20.18.09,unbox therapy|unboxtherapy|tech|technology|gadgets|gadget|unboxing|review|unbox|therapy|new|youtube|lg wing|lg wing unboxing|lg|wing|smartphone|smartphones|2020,6259331,142532,5050,20839,https://i.ytimg.com/vi/x4eHK6KWobA/default.jpg,FALSE,FALSE
PFojpAijb3k,[골라봐야지] 별♥하하 부부 등장! ＂어? 그럼 7년동안 3번 하신거네요?＂ 명사수 하하 루머의 진실♨ #1호가될순없어 #JTBC봐야지,2020-09-12T06:17:56Z,UCF3UEVPt5zZTlBVJwDG317g,JTBC Voyage,24,20.18.09,JTBC|JTBC voyage|jtbc봐야지|봐야지|이혼|결혼|부부|부부의 세계|개그맨 부부|개그맨 1호|박미선|장도연|팽현숙|최양락|김지혜|박준형|강재준|이은형|개그|gag|개그우먼|1호가 될 순 없어|number1|실제상황|리얼리티|reality|코미디언|개그판|리얼부부|이혼율|하하|별|haha|야만|드림이|쿤엔터테인먼트|사장님,1429984,9290,510,931,https://i.ytimg.com/vi/PFojpAijb3k/default.jpg,FALSE,FALSE
DLRqMn3ouxE,"신형 투싼 풀체인지의 5가지 핵심 포인트…가격 인상, 실물 깡패, 차박 폴딩, 싼타페급 차체, 하이브리드 혜택",2020-09-15T10:00:05Z,UCp0B9n0YYC8E8bJmS5i4oqw,Motorgraph 모터그래프,2,20.18.09,모터그래프|motorgraph|자동차|신차|국산차|수입차|전승용|김상영|신승영|강병휘|리뷰|시승기|후기|review,91562,660,42,156,https://i.ytimg.com/vi/DLRqMn3ouxE/default.jpg,FALSE,FALSE
YjMreYOkjFc,[병맛노래] 당신의 아침을 깨우는 알람 송,2020-09-12T03:00:09Z,UCWhiqHa4dVohOTSUQwK-l2g,빨간내복야코,24,20.18.09,#병맛노래|#병맛송|#웃긴노래,890823,14283,395,4117,https://i.ytimg.com/vi/YjMreYOkjFc/default.jpg,FALSE,FALSE
NAPVkBAoQT8,깊은 물에 빠뜨리는 척! 강아지 속이기ㅋㅋㅋ,2020-09-14T09:00:05Z,UC3PSZivQbIegrfavj4fmgQQ,[THE SOY]루퐁이네,15,20.18.09,ポメラニアン|博美犬|Pomeranian|강아지유튜버|강아지유튜브|더소이|포메|pom|퐁키|루디|강아지미용|포메미용|화이트포메|멍멍이|반려견|펫|PET|DOG|강아지애교|강아지훈련|개린이|웃긴강아지|포메리안|포메라이안|pomeranianpuppy|댕튜버|강아지목욕|씻을까|포메곰돌이컷|폼피츠|강아지짖는소리|포메라니안|포메라이언,790694,16497,283,1017,https://i.ytimg.com/vi/NAPVkBAoQT8/default.jpg,FALSE,FALSE
#NAME?,"[일본반응]방탄소년단(BTS), 일본방송 첫 Dynamite 무대! BTS 무대를 처음 접한 일본인들 반응 BTS 바로 뒤에 쟈니스 나오게 하지마",2020-09-12T21:40:51Z,UCNsf6ZhF7SE40mumCawVwWQ,염탐꾼,24,20.18.09,다이너마이트|Music Day,446343,5342,290,1006,https://i.ytimg.com/vi/-AazZTLQa3o/default.jpg,FALSE,FALSE
WONmXKvzyhg,[주간 예능연구소] 환불원정대 엄정화??김종민 재회/나 혼자 산다 김영광??멍뭉미/유민상??살찌는 이유 | MBC 예능핫코너 TOP 3 모아보기 #111,2020-09-14T10:25:37Z,UCiBr0bK06imaMbLc8sAEz0A,MBCentertainment,24,20.18.09,환불원정대|엄정화|김종민|유재석|제시|유민상|동해|은혁|슈퍼주니어|규현|이효리|비|박나래|이시언|한혜진|나혼자산다|연예대상|김태호|무한도전|MBC|예능|놀면 뭐하니|전지적참견시점|이영자|전현무,1591370,8644,231,995,https://i.ytimg.com/vi/WONmXKvzyhg/default.jpg,FALSE,FALSE
Cnvpg_jnX6Y,"그래서 아이폰 12는요? 2020 애플 이벤트 신제품 요약정리?? [애플워치6, 애플워치SE, 아이패드 8세대, 아이패드 에어 4세대]",2020-09-16T03:01:57Z,UCSLbd-2R06iv0VtChxERhDA,IT's okay 잇츠 오케이,28,20.18.09,잇츠오케이|이츠오케이|IT 리뷰|테크 리뷰|개봉기|언박싱|unboxing|2020 애플 이벤트|애플 이벤트|2020 애플 이벤트 요약|애플 키노트|2020 애플 키노트|애플 신제품|2020 애플 신제품|애플워치6|애플워치SE|아이패드 8세대|아이패드 에어 4세대|아이패드8|아이패드 에어4|아이폰12|2020 애플 신상|애플 스페셜 이벤트|애플 스페셜 이벤트 2020|애플|apple|apple event|팀쿡|잇섭|디에디트|가전주부|이퓨|더 신자|BTS|방탄소년단|총정리|요약,30141,739,32,240,https://i.ytimg.com/vi/Cnvpg_jnX6Y/default.jpg,FALSE,FALSE
t9Dc-l8p-Vs,"애플워치 시리즈6, SE, 아이패드 에어4, 8세대! 애플 신제품 발표회 8분 순삭 총정리!",2020-09-15T20:15:01Z,UCO4RG1vk36RKwc2z6TZ7Djw,이퓨,28,20.18.09,아이패드 에어4|애플워치 시리즈6|애플워치6|애플워치 6|애플워치|애플워치 SE|애플워치SE|아이페드에어4|아이패드에어|아이패드8세대|8세대아이패드|애플|apple|테크|tech|기술|모바일|it,67007,849,56,620,https://i.ytimg.com/vi/t9Dc-l8p-Vs/default.jpg,FALSE,FALSE
hrn9j4HbqJA,[Teaser] 이달의 소녀 (LOONA) 12:00”,2020-09-16T15:00:01Z,UCOJplhB0wGQWv9OuRmMT-4g,loonatheworld,24,20.18.09,이달의소녀|이달의 소녀|BlockBerry|BlockBerryCreative|LOONA|Midnight|Teaser,275952,65636,268,8911,https://i.ytimg.com/vi/hrn9j4HbqJA/default.jpg,FALSE,FALSE
K0oSaCS0_98,ASTRO 아스트로 문빈&산하 - Bad Idea M/V,2020-09-14T09:00:06Z,UCZqY2yIsAM9wh3vvMwKd27g,ASTRO 아스트로,10,20.18.09,ASTRO|아스트로|판타지오뮤직|판타지오|fantagio|fantagioMusic|ASTROPLAY|아스트로플레이|차은우|문빈|진진|엠제이|윤산하|라키|ChaEunWoo|MoonBin|JINJIN|MJ|YoonSanHa|ROCKY|또까|DDOCA|Highlight Medley|하라메|하이라이트메들리|IN-OUT|IN|OUT|Eyez On U|Bad Idea|섬(Alone)|All I Wanna Do|Dream Catcher|문빈&산하|문빈&산하(ASTRO)|MOONBIN&SANHA(ASTRO)|TEASER|티저|뮤비티저|MV TEASER,2652976,262493,854,30803,https://i.ytimg.com/vi/K0oSaCS0_98/default.jpg,FALSE,FALSE
QxS8x7589Xs,[컬투쇼] 숲의 아이 (Bon voyage) - 유아(YooA) LIVE,2020-09-14T05:18:50Z,UCAmff0euQRf6RwVlbB8PLMw,SBS Radio 에라오,10,20.18.09,sbs라디오|에라오|라디오|보는라디오,299937,0,0,946,https://i.ytimg.com/vi/QxS8x7589Xs/default.jpg,FALSE,TRUE
#NAME?,MLB 신인왕을 부르는 완벽투! KK김광현 복귀전 해외코멘터리 Ver.,2020-09-15T10:34:46Z,UCArK9MK34LsQzPJrl5TZmYA,MBC스포츠탐험대,17,20.18.09,메이저리그|김광현|류현진|김광현 복귀전|세인트루이스|MLB|해외|코멘터리,521324,4500,130,614,https://i.ytimg.com/vi/-EeVWJFpNrs/default.jpg,FALSE,FALSE
Aa-dm6vIer4,(어그로X) 채널이름 주작비로 바꾸기 VS 구독자한테 자동차 사주기ㅋㅋ 두남자의 양보없는 자존심대결ㅋㅋㅋㅋ,2020-09-14T08:45:12Z,UCyCL5k8P1iUOc1EymhhMW1A,더블비,23,20.18.09,더블비|주작비|장난치기|자존심|핵존심|싸우기|대결,655371,16339,996,3418,https://i.ytimg.com/vi/Aa-dm6vIer4/default.jpg,FALSE,FALSE
dlMu6lF94LQ,과제 218만 축하 영상,2020-09-13T15:28:49Z,UCSR09bpjHonRntnam2Y9edw,잼일,22,20.18.09,[none],212353,2854,73,564,https://i.ytimg.com/vi/dlMu6lF94LQ/default.jpg,FALSE,FALSE
XuF703oYixM,에*메스 실화냐?! 클라쓰가 다른 악어의 선물 개봉기??｜악어의 27번째 생일 하이라이트,2020-09-17T08:00:03Z,UCQJuZxeDv2P05YHcC-tIEVQ,악어 유튜브,20,20.18.09,악어|악어유튜브|늪지대|마크|Minecraft|명품|에르메스|샤넬|트웬티트웬티|하울|ㅗㅜㅑ,75130,2318,21,349,https://i.ytimg.com/vi/XuF703oYixM/default.jpg,FALSE,FALSE
L4WaGDht2SA,TFT 세트4 운명 앞에 위.풍.당.당.(Feat.머쉬베놈) ㅣ 전략적 팀 전투,2020-09-16T05:18:28Z,UCooLkG0FfrkPBQsSuC95L6w,League of Legends - Korea,20,20.18.09,리그오브레전드|리그 오브 레전드|롤|LoL|Leagueoflegends|League of Legends|TFT|TFTm|TeamFightTactics|Team Fight Tactics|mobile|전팀전|전략적 팀 전투|전략적팀전투|머쉬베놈|MUSHVENOM|모바일|두둥등장|DUDUDUNGA|TFT mobile|위풍당당|wepoongdangdang|yt:cc=on,371664,5154,70,1083,https://i.ytimg.com/vi/L4WaGDht2SA/default.jpg,FALSE,FALSE
qEJtE7WEtrg,"YooA(유아), THE SHOW CHOICE! [THE SHOW 200915]",2020-09-15T10:27:23Z,UCoRXPcv8XK5fAplLbk9PTww,The K-POP,10,20.18.09,K-pop|Kpop|SBS|Korea|sbsmedianet|200915|THE SHOW|더쇼|더쇼라이브|더쇼초이스|THE SHOW CHOICE|YooA|유아|오마이걸,213825,17357,323,1778,https://i.ytimg.com/vi/qEJtE7WEtrg/default.jpg,FALSE,FALSE
bG8K8Mroarc,★어그로 NO★ 제네시스 신형 'G70' 국내 최초로 실물 공개하겠습니다,2020-09-16T10:06:42Z,UCFUpTxU3nlGed-suY-FjjxA,우파푸른하늘Woopa TV,2,20.18.09,스포츠카|슈퍼카|우파푸른하늘|우파|한승훈|우파tv|supercar|sportcar|자동차|자동차 운전|자동차 동영상|제네시스|G70|신형 G70|GENESIS|GENESIS G70|세단,229911,2354,170,1044,https://i.ytimg.com/vi/bG8K8Mroarc/default.jpg,FALSE,FALSE
qdvOYdSR5Ww,"소득과 재산의 스노우볼, 가즈아~ (feat. 슈카 단타선수 시절)",2020-09-14T12:46:15Z,UCsJ6RuBiTVWRX156FVbeaGg,슈카월드,25,20.18.09,슈카|슈카월드|경제|시사|이슈|뉴스|상식|면접|논술|자소서|취업|주식|증시|주가|시장|자산|투자|금리,289888,6867,119,590,https://i.ytimg.com/vi/qdvOYdSR5Ww/default.jpg,FALSE,FALSE
kgEgOi32CE0,A pot of wine among watermelon fields.So…The life of watermelons and grapes?瓜?一?酒，西瓜和葡萄的一生？?Liziqi,2020-09-14T12:59:01Z,UCoC47do520os_4DBMEFGg4A,李子柒 Liziqi,26,20.18.09,liziqi|liziqi vlogger|中國美食|中華傳統文化|Chinese food|?食文化|中??|田?|美食|ly tu that|李子柒|ly t? th?t,7132127,285366,5260,19457,https://i.ytimg.com/vi/kgEgOi32CE0/default.jpg,FALSE,FALSE
A6YVgm_T9xg,이제 신인왕 보인다!! 13일 만에 돌아와 최고의 호투 펼친 KK 김광현!! 7이닝 6K 무실점 하이라이트,2020-09-15T09:00:01Z,UCYRrUD5v5j_Ei8sKOo7mhoQ,엠빅뉴스,25,20.18.09,김광현|KK|MLB|메이저리그|호투|신인왕|슬라이더|신장경색|린드블럼|하이라이트,835236,5166,163,1686,https://i.ytimg.com/vi/A6YVgm_T9xg/default.jpg,FALSE,FALSE
cWhmZ6a2io8,[#족집게_낭닥] 음주운전으로 인한 6중 추돌 사고 | 낭만닥터 김사부 (Dr. Romantic)ㅣSBS DRAMA,2020-09-11T02:00:03Z,UC6erIDuvbOaAO-OT5rB2Xew,SBS Drama,24,20.18.09,서현진|낭만닥터김사부|낭만닥터김사부2|서현진낭닥|한석규|한석규낭닥|유연석|유연석낭닥|유연석슬의생|슬의생|안효섭|안효섭낭닥|차은재|이성경|이성경낭닥|이성경의학드라마|의학드라마|닥터스|낭닥레전드|낭닥다시보기|낭닥정주행|Dr. Romantic|k-drama|Han Seok-Gyu|유연석강철비|유연석정우성|김민재박은빈|유연석서현진|이성경안효섭|Yoo Yeon-Seok|柳演錫|徐玄振|Seo Hyun-Jin|Ahn Hyoseop|安孝燮|Lee Sung-kyung|李聖經|김민재|브람스|김민재브람스|진경|수쌤|음주운전|음주운전처벌|술먹고운전|낭닥음주운전|6중추돌사고,947589,12706,278,2181,https://i.ytimg.com/vi/cWhmZ6a2io8/default.jpg,FALSE,FALSE
a-5DdUXaxWY,"[현지반응] '손흥민 NO자막' 토트넘 다큐, 왜 요리스 말만 번역해? (자막 차별 논란)",2020-09-12T08:57:03Z,UCmKTwXS5wC4Ww4X6PyXjMYg,서형욱의 뽈리TV,17,20.18.09,손흥민|요리스|토트넘 다큐|아마존|아마존 다큐|아마존 자막|아마존 번역|오리에|에버턴전,1911918,9804,465,3079,https://i.ytimg.com/vi/a-5DdUXaxWY/default.jpg,FALSE,FALSE
4PFCo5-mT_Y,45분 만에 탈압박&롱패스 스페셜 찍은 기성용 (ft.전직 프리미어리거 클래스),2020-09-14T06:39:48Z,UC9pdRyCVY9foIQid-YDjm4Q,GOAL TV,17,20.18.09,GOAL TV|골티비|Goal.com|골닷컴|Goal Korea|골닷컴코리아|축구|해외축구|기성용|기성용 스페셜|토트넘|손흥민|이승우|이승우 데뷔골|코리안데이|이강인|이강인 볼터치|이강인 2도움|기성용 택배|기성용 볼터치|기성용 한혜진|기성용 국대|fc서울|수원삼성|슈퍼매치,541987,2407,114,1054,https://i.ytimg.com/vi/4PFCo5-mT_Y/default.jpg,FALSE,FALSE
aty6bAzcL4g,"(ENG)?방송 최초? JYP 형과 부부동반 모임 썰, 남친짤 그리고 깡... 형 잠깐 내려봐??",2020-09-10T11:00:01Z,UCZf4ZESHAIuRtZ-eoMSL97A,시즌비시즌 Season B Season,24,20.18.09,시즌비시즌|시즌 비시즌|비 유튜브|비 채널|가수 비|김태희 비|김태희|jyp|박진영|비 박진영|비 jyp|rain jyp|박진영 남친짤|박진영 선미|박진영 we disco|박진영 when we disco|비 히든싱어|싹쓰리|싹스리|놀면뭐하니|스튜디오 룰루랄라|룰루랄라 비|비 깡|gang|차에 타봐|깡|깡 댓글|태양을 피하고 싶어서,3860289,77316,1343,7003,https://i.ytimg.com/vi/aty6bAzcL4g/default.jpg,FALSE,FALSE
JSip7VvFQJ0,"홍영표 군 사유화세력이 청문회 난장판 만드나..발끈한 신원식, 한기호 퇴장",2020-09-16T02:33:00Z,UC1ihKJ6GH37xoWdtllZqhLw,팩트TV NEWS,25,20.18.09,팩트티비|팩트TV|FACTTV|더불어민주당|국회|정의당|열린민주당|미래통합당|국민의힘|홍영표|이채익|신원식|한기호|쿠데타,231353,8910,270,2703,https://i.ytimg.com/vi/JSip7VvFQJ0/default.jpg,FALSE,FALSE
q_QkYIN72x8,강남 새아파트 입주권 '20억 웃돈' 붙었다,2020-09-17T13:36:07Z,UCj2gpUrZ7LMp4Mp1pVMKz0g,도봉박홍기,25,20.18.09,서울 매매가격 하락|주택,22916,1620,94,26,https://i.ytimg.com/vi/q_QkYIN72x8/default.jpg,FALSE,FALSE
uyjcUBJ7MEA,[EN] 가짜사나이 이근대위 쇼터뷰 놀러왔어? 머리부터 발끝까지 이근 파헤치기 《제시의 쇼!터뷰》 EP.14 by 모비딕 Mobidic,2020-09-10T09:30:12Z,UCbCr1dWFedL5lMcRWthb_bA,모비딕 Mobidic,24,20.18.09,모비딕|SBS|mobidic|제시|JESSI|스브스|토크|토크쇼|프롤로그|제시의쇼터뷰|쇼터뷰|숏터뷰|양세형의숏터뷰|mc|엠씨|양세형|제시발쇼|제시쇼|래퍼|언프리티랩스타|언니쓰|쎈언니|제시카|호현주|맞지|피네이션|PNATION|PSY|후댓비|제시 런닝맨|제시 인생은즐거워|제시 유재석|제시 조정식|굿걸|엠넷 제시|디스전|여자래퍼|웹예능|악인전|제시 송가인|제시 김요한|식스센스|놀면뭐하니|제시 악인전|젝시믹스|인생은즐거워|이효리|제시 이효리|Jessi show|showterview|who dat b|힙합|교포|이근대위|피지컬갤러리|유튜버|헬스|운동|유연성테스트|PT|조정식|아나운서|유연성|푸시업|팔굽혀펴기|가짜사나이|진짜사나이|호신술|요리|로망|셰프|레시피|스테이크|이근|이상형|배수지|신세경|군인|군사학교|뉴욕|버지니아|군사대학교|이민|군대|장교|입대|조국|국군|구독자|선물|이벤트|집사부일체|두니아|이근대위 유행어|ken rhee|UDT|이던,2567617,0,0,12647,https://i.ytimg.com/vi/uyjcUBJ7MEA/default.jpg,FALSE,TRUE
z8uphfjos4o,[2020 LPGA] 이미림 메이저 첫 우승 ! FR라운드 하이라이트 ♬ | ANA 인스퍼레이션,2020-09-14T00:34:39Z,UChJ1aZwVkgWAUZqYGYDOWgg,JTBC GOLF,17,20.18.09,GOLF|GOLF LESSON|골프|골프레슨|우드샷|드라이버|스윙|티샷|김형태|장재식|고경민|신준|비거리|장타|골짤강|라이브레슨|퍼팅|퍼터|백스윙|jtbc골프|jtbcgolf|레슨|느낌|backswing|swing|송경서|장새별|newstar|하체|코킹|손목|테이크백|헤드|오버스윙|왼팔|오른팔|밴드|중심축|머리|턴|백스윙탑|하프스윙|레깅|박인비|전인지|이미향|이민지|리디아고|렉시톰슨|다니엘강|LPGA|여자골프|버디|파|하이라이트,87951,805,23,125,https://i.ytimg.com/vi/z8uphfjos4o/default.jpg,FALSE,FALSE
WrB5AVfBtA0,우리 과자를 훔쳐 먹는 아저씨! 사건파일173. 몰랐어요 | 코믹 공소시효 [밍꼬발랄],2020-09-15T09:00:06Z,UCCJkwrmhIqWkSFV-sQol4Qw,밍꼬발랄Mingggo,23,20.18.09,밍꼬발랄|밍꼬|꼬밍|발랄|모아보기|이어보기|정주행|꿀잼|꿀팁|공소시효|노래공소시효|공감|소통|댓글요청|사건파일|사건|사연|재연|연기|현장|썰풀기|썰|에피소드|이야기|공포|코믹|되감기|사이다|공감이야기|재밌는이야기|웃긴이야기|무서운이야기|황당한이야기|오싹한이야기|mingggo|story|episode|acting|interesting_story|funny_story|interesting_episode|funny_episode|共感|?型|?校共感|?生共感|友達共感|đ?ngc?m|ki?u|đ?ngc?m_theolo?i|đ?ngc?m_c?a_tr??ng|đ?ngc?m_c?a_h?c_sinh|투니버스|투니버스밍꼬발랄|코믹공소시효|몰랐어요|니가거기서왜나와,445567,12169,264,4374,https://i.ytimg.com/vi/WrB5AVfBtA0/default.jpg,FALSE,FALSE
xoekkIQk8uI,????????????SUB][PRANK] TV속 남자랑 싸우다가 머리채까지 잡히는 현장을 본다면?!!ㅋㅋㅋㅋ옆테이블 웃느라 고기를 못먹네ㅋㅋㅋㅋㅋㅋ - [동네놈들｜HOODBOYZ],2020-09-13T11:30:03Z,UCIuFnJrRwHEUcIVtozJnUGA,동네놈들,23,20.18.09,관찰|관찰카메라|실험|실험카메라|prank|prankcam|prankcamera|prankgag|prankgags|gag|gags|comic|comedy|개그|개그맨|코믹|코미디|hidden|히든|역대급|레전드|리액션|레게노|개그우먼|동네놈들|지노송이커플|더블비|보물섬|엔조이커플|eng|engsub|TV|LIVE|웃긴영상|재밌는영상|funny|fun|funvideo|웃긴영상레전드|fungag|방송사고|KOREAPRANK|JOKE|장난|뉴스|news|weather|HOODBOYZ|싸움|FRANK|FRANKCAM|FRANKCOM|FRANKVIDEO|KOREAFRANK|quiz|quizshow|퀴즈|퀴즈쇼|유퀴즈온더블럭,259261,8270,213,582,https://i.ytimg.com/vi/xoekkIQk8uI/default.jpg,FALSE,FALSE
G7r9-0CGEdY,"[방구석토크] 레길론&베일 토트넘행 임박, 급반전된 두 선수의 딜!!",2020-09-16T06:58:54Z,UCn9mJ4htO64-1osMWYu9k5Q,이스타TV,17,20.18.09,이스타|이스타TV|이주헌|박종윤|랩추종윤|히든풋볼|추멘|번개맨|프리미어리그|맨유|맨시티|아스날|리버풀|첼시|토트넘|라리가|레일 마드리드|바르셀로나|AT마드리드|세리에|밀란|유벤투스|인테르|로마|분데스리가|바이에른 뮌헨|도르트문트|바이언|PSG|K리그|방구석토크|주간EPL|후토크|WPT|솔샤르|펩|과르디올라|아르테타|클롭|램파드|무리뉴|손흥민|축구|해외축구|국내축구,179368,3205,72,1142,https://i.ytimg.com/vi/G7r9-0CGEdY/default.jpg,FALSE,FALSE
v8L5z0mcgE0,카리스마 내뿜는 홍영표 그동안 드러난 국힘당 거짓말 다 말해볼까,2020-09-16T07:30:01Z,UC1ihKJ6GH37xoWdtllZqhLw,팩트TV NEWS,25,20.18.09,팩트티비|팩트TV|FACTTV|더불어민주당|국회|정의당|열린민주당|미래통합당|국민의힘|홍영표,228304,13094,322,1384,https://i.ytimg.com/vi/v8L5z0mcgE0/default.jpg,FALSE,FALSE
0snNG96sJV0,秋 전 보좌관 “추미애 아들 부탁받고 부대에 전화” | 뉴스A 라이브,2020-09-15T07:24:27Z,UCfq4V1DAuaojnr2ryvWNysw,채널A 뉴스,25,20.18.09,채널 A,290210,6239,456,1528,https://i.ytimg.com/vi/0snNG96sJV0/default.jpg,FALSE,FALSE
sXEZAClPn_0,짧게 라이브 ... ㅎ ...,2020-09-15T17:10:26Z,UCX4LFdCjFXMaCPbRH1omP6Q,최인호TV,25,20.18.09,[none],20346,2211,50,29,https://i.ytimg.com/vi/sXEZAClPn_0/default.jpg,FALSE,FALSE
Rxube4GTy6o,"명쾌한 정국해법, 고성국의 정론일침[2020년 09월 17일 목요일 생방송]",2020-09-17T01:30:58Z,UCM8BcGB6BWKq3utIMhGKnUA,고성국TV,25,20.18.09,[none],35268,6979,115,58,https://i.ytimg.com/vi/Rxube4GTy6o/default.jpg,FALSE,FALSE
tEqTwDqtTKk,한국 생태계를 파괴한 황소개구리를 퇴치한 토종 포식자 물장군 치명적인 독사와 괴물 왕지네를 씹어먹어버리는 최강의 곤충,2020-09-12T14:10:48Z,UCC7bElwd29qpkgLo0j3l3Qw,문화돋보기,15,20.18.09,물장군|최강의곤충|물장군황소개구리|물장군사냥|물장군다큐멘터리|외래종퇴치|물장군뱀|곤충다큐멘터리,390903,4703,292,302,https://i.ytimg.com/vi/tEqTwDqtTKk/default.jpg,FALSE,FALSE
3snLjDyZhtw,제72주년 국군의 날 챌린지 '마음까지 따뜻하게 안부를 전하세요' | 대한민국 국방부 X 스파오,2020-09-14T00:19:06Z,UCoreZRRtVpu521wZNJWfUqQ,국방부 - ROK Ministry of National Defense,25,20.18.09,대한민국|국방부|국군|육군|해군|공군|해병대|korea|mnd|military|defense|army|navy|airforce|marine|국방|안보|대비태세|국방개혁|육성재|챌린지,80834,7753,38,687,https://i.ytimg.com/vi/3snLjDyZhtw/default.jpg,FALSE,FALSE
7l56q7TmjVc,[20/21 PL 1R] 브라이튼 vs 첼시 H/L,2020-09-14T21:56:28Z,UCtm_QoN2SIxwCE-59shX7Qg,SPOTV,17,20.18.09,SPOTV|스포티비|브라이튼|첼시|베르너|하베르츠|조르지뉴|프리미어리그|지루|오도이|풀리식,755811,5419,171,2662,https://i.ytimg.com/vi/7l56q7TmjVc/default.jpg,FALSE,FALSE
71pI-Gkvrqo,"[ENG] 블루와 나플라의 학창시절 첫사랑은??? | 블루(BLOO), 나플라(nafla) - 내 탓 (Nae tat) M/V 비하인드",2020-09-14T09:00:01Z,UCjRS-SUfmPHelbp2cARJ0bQ,메킷원 MKIT WON,24,20.18.09,나플라|nafla|루피|loopy|loopy&nafla|나플라루피|오왼|owenovadoz|wu|나플라wu|메킷레인|메킷원|창업|장사|bloo|블루|루플라|쇼미더머니|mkitrain|smtm|loofla|MKITRAIN RECORDS|Owen|Owen Ovadoz|BLOO|Young West|niahn|Loopy&nafla|neonblue|hiphop|Hip-hop|Khiphop|rap|Show me the money|SMTM|오왼오바도즈|영웨스트|니안|루피&나플라|네온블루|힙합|코리안힙합|한국힙합|국내힙합|해외힙합|국힙|외힙|레이블|블루 & 나플라|블루 나플라|BLOO & nafla|내탓|내 탓|Naetat|nae tat|NAE TAT|Big Banana|빅바나나|싱글앨범|싱글|Single Album|Single,111055,4206,11,484,https://i.ytimg.com/vi/71pI-Gkvrqo/default.jpg,FALSE,FALSE
3NYYYnq6iMU,"[궁극의 전쟁사]25. 해전의 역사를 바꾼 어뢰의 등장, A history of the torpedo",2020-09-17T09:27:05Z,UC1Ei9xWth3jnYypj161vBJA,건들건들,27,20.18.09,#건들건들|#우라웍스|#환장|#펜더|#조지킹|#썰PD|#밀리터리|#워키피디아|어뢰|구축함|프리깃함|전함|쓰시마 해전|최초 어뢰|화이트헤드 어뢰|G7e|torpedo|G7 torpedo|ww1 submarine|잠수함|어뢰발사|유보트|u boot|u boat|지오바니 루피스|Giovanni Luppis|robert whitehead|ww2 u boat|청일전쟁|중국 정원함|미드웨이 해전|레드리버,40084,2059,21,304,https://i.ytimg.com/vi/3NYYYnq6iMU/default.jpg,FALSE,FALSE
nAz_kkffDzc,Stray Kids Back Door M/V Reaction,2020-09-15T10:59:56Z,UC9rMiEjNaCSsebs31MRDCRA,Stray Kids,22,20.18.09,Stray Kids|스트레이 키즈|SKZ|스키즈|방찬|BANG CHAN|리노|이민호|LEE KNOW|MINHO|LEEMINHO|창빈|서창빈|CHANGBIN|SEOCHANGBIN|현진|황현진|HYUNJIN|HWANGHYUNJIN|한|지성|한지성|HAN|HANJISUNG|필릭스|FELIX|승민|김승민|SEUNGMIN|KIMSEUNGMIN|아이엔|양정인|정인|I.N|YANGJEONGIN|JEONGIN|백도어|back door|in life|stray kids back door|스트레이 키즈 백도어|스트레이 키즈 back door|백도어 뮤비 리액션|mv reaction|뮤비 리액션|back door 뮤비 리액션|스트레이 키즈 뮤비 리액션|skz mv reaction|백도어 뮤비|back door mv|백도어 뮤직비디오|back door music video|스키즈 백도어|리액션 비디오|reaction video,1002059,222002,331,10842,https://i.ytimg.com/vi/nAz_kkffDzc/default.jpg,FALSE,FALSE
fTFA7eKB75M,[메이플] 상식에 사로잡히지 않는 호영,2020-09-15T09:00:26Z,UCaaZFxjlHI3T_I-uFbldIGA,소맥거핀,20,20.18.09,메이플|메이플스토리|메이플만화|게임만화|병맛|웃긴|만화|루시드냥|소맥거핀|애니메이션|게임애니메이션|maplestory|웃긴만화|병맛만화|윌|호영|카링|아잉눈|아잉|혐잉|국밥충|짱구|불고기로드,319936,6627,68,3439,https://i.ytimg.com/vi/fTFA7eKB75M/default.jpg,FALSE,FALSE
O08Dp3kUb0Q,스토커가 본색을 드러냈다 [TRAP] EP.10,2020-09-16T12:00:05Z,UCLQ_lTDcNOj7VzNeW0kZ17w,tvN D STORY,24,20.18.09,웹드라마|TRAP|트랩|우다비|김동한|박시연|남사친|여사친|짝사랑|첫사랑|대학교|학교|캠퍼스|공감|로맨스|썸남|류설|바람|씨씨|CC|추천|틱톡|연애|위아이|전남친|전여친|스킨십|키스|첫키스|친구|최경훈|박이현|손현우,242187,6665,71,923,https://i.ytimg.com/vi/O08Dp3kUb0Q/default.jpg,FALSE,FALSE
M7YGOOIjZDA,[환불원정대 선공개 - 선불원정대] 환불원정대 in 만옥하우스??? (Hangout with Yoo - Refund Sisters),2020-09-12T01:32:59Z,UCx6jsZ02B4K3SECUrkgPyzg,놀면 뭐하니?,24,20.18.09,유재석|김태호|무한도전|유플래시|유산슬|뽕포유|라섹|유르페우스|놀면 뭐하니|놀뭐|무도,1740972,18187,341,1406,https://i.ytimg.com/vi/M7YGOOIjZDA/default.jpg,FALSE,FALSE
6s4RK8oCS4Y,2020 서울 아파트 시장 큰일 났다.,2020-09-15T23:56:56Z,UCj2gpUrZ7LMp4Mp1pVMKz0g,도봉박홍기,25,20.18.09,서울 매매가격 하락|주택,34895,2599,164,45,https://i.ytimg.com/vi/6s4RK8oCS4Y/default.jpg,FALSE,FALSE
fXeKQ_yrKgI,레진공예! 어몽어스 유령 만들기,2020-09-14T10:10:38Z,UCsaQlcW1DX-UYpozEwBUDzQ,달려라치킨 Dalchi,26,20.18.09,미니어쳐|miniature|폴리머클레이|polymer clay|miniaturefood|fimo|dollhouse|달려라치킨|dalchi|어몽어스|레진공예|유령|캐릭터만들기,297685,7859,98,1044,https://i.ytimg.com/vi/fXeKQ_yrKgI/default.jpg,FALSE,FALSE
tAcJmJGA5ps,"[리뷰] 손흥민과 요리스 싸움, 그게 전부가 아니었다 (토트넘 다큐 마지막회)",2020-09-11T09:01:53Z,UCmKTwXS5wC4Ww4X6PyXjMYg,서형욱의 뽈리TV,17,20.18.09,손흥민|토트넘다큐|토트넘|allornothing|무리뉴|손흥민다큐|요리스|에릭다이어|델레알리,1226749,7204,563,3088,https://i.ytimg.com/vi/tAcJmJGA5ps/default.jpg,FALSE,FALSE
0rahs4qBmzc,"[브람스를 좋아하세요?] ?최초공개? 7화 예고 아니잖아, 빨리 아니라고 말해!!!＂ /'Do You Like Brahms?' Preview | SBS NOW",2020-09-15T14:02:32Z,UCcOYEm78CpaZQvPE6LtoSeA,SBS NOW / SBS 공식 채널,24,20.18.09,SBS Entertainment|SBS|스브스|SBS DRAMA|브람스를좋아하세요|브람스|김민재|박은빈|김성철|박지현|이유진|배다빈|예수정|김종태|서정연|최대훈|양조아|안상은|이지원|길해연|백지원|주석태|김학선|김선화|김정영|고소현|KimMinJae|ParkEunBin|DoYouLikeBrahms|월화드라마|새드라마|월화|낭만닥터김사부|김사부2|꽃파당|스토브리그|브람스 7화 예고|사각관계|커플,233724,4074,22,818,https://i.ytimg.com/vi/0rahs4qBmzc/default.jpg,FALSE,FALSE
FWP6I3TCMQk,전설의 비.어.캔.치.킨,2020-09-15T08:30:11Z,UCdfhK0yIMjmhcQ3gP-qpXRw,산적TV 밥굽남,22,20.18.09,비어캔치킨|이승기|이승기비어캔치킨|1박2일비어캔치킨|산적|밥굽남|육식수행|브리또|치킨브리또,375413,4533,166,458,https://i.ytimg.com/vi/FWP6I3TCMQk/default.jpg,FALSE,FALSE
_4B3xQwKG3o,[원피스 분석] 조로는 카이도와의 전투에서 각성한다! 조로의 각성은?,2020-09-13T14:06:23Z,UCzK9qn0B4B-yL0uEzjxTp_w,TV랜덤,1,20.18.09,원피스|루피|조로|상디|카이도우|조로 각성|오뎅|와노쿠니|드레이크|킹|퀸|프랑키|미호크|엔마,153922,1225,88,621,https://i.ytimg.com/vi/_4B3xQwKG3o/default.jpg,FALSE,FALSE
cS-ofVbUH3I,[Eng] 90's 하이틴 여주 되어보기 메이크업?? l 이사배(RISABAE Makeup),2020-09-15T10:33:43Z,UC9kmlDcqksaOnCkC_qzGacA,RISABAE,26,20.18.09,이사배|이사배메이크업|RISABAE|RISABAEART|TUTORIAL|분장|SPECIALMAKEUP|ART|백투베이직|메이크업아티스트|하이틴 메이크업|highteen makeup|이사배 하이틴|이사배 레트로 메이크업|retro makeup|k beauty|risabae highteen makeup|하이틴st 메이크업|핑크 메이크업|pink makeup|이사배 레트로|이사배 핑크 메이크업|risabae pink makeup|90년대 메이크업|하이틴 주인공 메이크업|highteen style makeup|highteen style|90's highteen makeup|90s style makeup,104994,3135,31,353,https://i.ytimg.com/vi/cS-ofVbUH3I/default.jpg,FALSE,FALSE
0HQyYfbcykU,시작하자마자 10번연속 터졌다ㅋㅋㅋ보창&닥터준을 웃겨라 레전드,2020-09-12T00:33:21Z,UCRwMczVQ8Jr8_8Dd8o7hPnQ,보물창고,20,20.18.09,보창|보물창고|웃겨라|웃음참기|보물창고 웃겨라|보창 웃겨라|보물창고 웃음참기|보창 웃음참기|보창 닥터준|보창 웃긴|보물창고 웃긴|보물창고 닥터준|보창 원정상|보물창고 원정상,398748,7971,368,841,https://i.ytimg.com/vi/0HQyYfbcykU/default.jpg,FALSE,FALSE
dKwhODLUbmA,[20/21 라리가] 1R 발렌시아 vs 레반테 H/L,2020-09-13T21:27:43Z,UCtm_QoN2SIxwCE-59shX7Qg,SPOTV,17,20.18.09,SPOTV|스포티비,513202,4669,109,1468,https://i.ytimg.com/vi/dKwhODLUbmA/default.jpg,FALSE,FALSE
V8Qgi2dxALM,?? [LIVE IDOL RADIO] ep.707. 빈이 없이 어떻게 산하 -  [아스트로 문빈&산하],2020-09-16T13:18:58Z,UCSG0f3bvUvbSle58ETp9z2w,아이돌 라디오 [IDOL RADIO],24,20.18.09,kpop|k-pop|한류|음악|korean wave|BTS|live|show|song|korean song|음악중심|음중|인기가요|쇼챔프|더쇼|뮤직뱅크|뮤뱅|직캠|팬캠|엠카운트다운|mcountdown|프로듀스|MBC|RADIO|아이돌|아이돌 라디오|마봉춘|Korean Music|여돌|남돌|danza|???|Danse|danca|menari|??????|nh?y|dans|танец|sayaw|????|Coree|Han Qu?c|??????|Corea|Корея|??????|chanson|песня|歌曲|musica|bai hat|awit|cancion|lagu|?arkı|????,59517,7789,21,165,https://i.ytimg.com/vi/V8Qgi2dxALM/default.jpg,FALSE,FALSE
MgPBiIswUQE,[2020 LPGA] 기적의 칩인 이글 ! 이미림 하이라이트 ♬ | ANA 인스퍼레이션,2020-09-14T02:37:55Z,UChJ1aZwVkgWAUZqYGYDOWgg,JTBC GOLF,17,20.18.09,GOLF|GOLF LESSON|골프|골프레슨|우드샷|드라이버|스윙|티샷|김형태|장재식|고경민|신준|비거리|장타|골짤강|라이브레슨|퍼팅|퍼터|백스윙|jtbc골프|jtbcgolf|레슨|느낌|backswing|swing|송경서|장새별|newstar|하체|코킹|손목|테이크백|헤드|오버스윙|왼팔|오른팔|밴드|중심축|머리|턴|백스윙탑|하프스윙|레깅|박인비|전인지|이미향|이민지|리디아고|렉시톰슨|다니엘강|LPGA|여자골프|버디|파|하이라이트,43992,269,14,27,https://i.ytimg.com/vi/MgPBiIswUQE/default.jpg,FALSE,FALSE
inf2QMgXETo,"[풀영상] 생방송 심야토론 0912-추미애 장관 논란, 어떻게 볼 것인가?",2020-09-13T10:23:49Z,UC8gCJEe6FFHdhZyul6zLeMQ,생방송심야토론,25,20.18.09,생방송심야토론|KBS|심야토론|KBS시사|정관용|이슈|시사,84473,810,118,2042,https://i.ytimg.com/vi/inf2QMgXETo/default.jpg,FALSE,FALSE
zihwvU-nTo8,"2020년 9월 17일(목) 6시 펜앤뉴스_“뭐가 문제냐”발끈한 추미애, 온종일 오리발外",2020-09-17T09:56:57Z,UCOqCunaF9qVN8bXwsK0HT3g,펜앤드마이크TV,25,20.18.09,펜앤드마이크|펜앤마이크|PenN|정규재tv|정규재방송|펜앤뉴스|펜앤드뉴스|penn news|뉴스|News|korea news|6시 뉴스|시사|이슈|정보|소식|정치|사회|국제|세계|실시간|생방송|정규재|최대현,42998,5672,65,87,https://i.ytimg.com/vi/zihwvU-nTo8/default.jpg,FALSE,FALSE
NHyHM22iNrA,7299회. 신호등 고장나 그냥 통과했는데 단속한 경찰관. 방송 후 해당 경찰서 경비교통과장이 실명으로 댓글을 남기고 제보자를 찾아왔습니다.,2020-09-15T11:26:17Z,UCH5U89kvHrVxxS80xpoOydw,한문철 TV,2,20.18.09,사고|한문철|스스로닷컴|susulaw|몇대몇|accident|영상|dash cam|traffic|블랙박스로 본 세상|블박|black box|video|블랙박스|교통사고|yt:cc=on|car|블박세|traffic accident|과실비율,451332,6734,201,3123,https://i.ytimg.com/vi/NHyHM22iNrA/default.jpg,FALSE,FALSE
yZIhz8SVuus,이광수노래,2020-09-14T09:00:13Z,UCaKod3X1Tn4c7Ci0iUKcvzQ,런닝맨 - 스브스 공식 채널,24,20.18.09,런닝맨|이광수|유재석|하하|송지효|전소민|양세찬|지석진|김종국|runningman|RunningMan|Runningman|SBS|sbs|running man|Kim Jong Kook|Lee Kwang Soo|Ji Seok Jin|Yoo Jae Suk|Song Ji Hyo|Haha|Gary|Yang Se Chan|Jeon So Min,714413,14116,142,2036,https://i.ytimg.com/vi/yZIhz8SVuus/default.jpg,FALSE,FALSE
2PDoKmCc99E,『MATCH 15-16』 | 2020 SKT 5GX JUMP 카트라이더 리그 시즌2,2020-09-16T10:54:15Z,UCKDkGnyeib7mcU7LdD3x0jQ,OGN,20,20.18.09,샌드박스 게이밍|성남 락스|GC부산 E-STATS|Afreeca Freecs|한화생명e스포츠|STARLIGHT|MOTO|오늘의 경기|카트라이더|문호준|전대웅|박인수|SGAe스포츠|넥슨 카트|2020 KARTRIDER LEAGUE SEASON2|카트 리그|크레이지레이싱 카트라이더|스피드전|아이템전|에이스 결정전|카트 에결|카트 부스톡|배성빈|박도현|최영훈|강석인|성남 ROX|이재혁|신종민|한승철|송용준|사상훈|아프리카 프릭스|유영혁|김기수|최윤서|홍승민|이은택|정승하|박현수|김승태|GC 부산 E-STATS|노준현|임재원|김지민|유관영|안혁진|홍희권|이현진|장건|노창현|JUMP UP|B120209067,65151,436,16,108,https://i.ytimg.com/vi/2PDoKmCc99E/default.jpg,FALSE,FALSE
YuzBh8GL9FU,【던파】 역대급! 네오플 대표이사까지 나섰다! 직원 부정 행위 관련 조치 사항 안내 및 보상까지?!,2020-09-17T06:20:57Z,UCXybGky1c_63xzXFzI0eU8A,에어비스,20,20.18.09,던파|던전앤파이터|BJ에어비스|에어비스|창성|이기|루크|dnf|전섭|최강|강화|증폭|에어|공기|DPL|던페|총검사|안톤|시로코|마수던전|테이베르스|할렘|에어비스 최강공참사|에어비스 핀드워|핀드워|에어비스 초시공레이드|초시공레이드|프레이|이시스|오퍼,63332,535,39,447,https://i.ytimg.com/vi/YuzBh8GL9FU/default.jpg,FALSE,FALSE
6Z8RHKyd1yY,내가 10시에 일어난 이유 [냥이아빠],2020-09-16T08:00:01Z,UC5AAf4_zZxk-mCl46TogZQQ,냥이아빠,15,20.18.09,미어캣|미어캣 키우기|미어캣 키우는 법|미어캣 키우는 방법|미어캣 습성|미어캣 주인|미어캣 애교|미어캣 잠|귀여운 미어캣|미어캣 냄새|미어캣 화장실|미어캣 똥|미어캣 배변|미어캣 훈련|미어캣 배변훈련|미어캣 털|미어캣 집|미어캣 머리|미어캣 지능|미어캣 뒤통수|미어캣 분양|미어캣 입양|미어캣 새끼|새끼 미어캣|미어캣 케이지|미어캣 풀어놓고|미어캣 산책|미어캣 목욕|미어캣 입|미어캣 사료|미어캣 밀웜|미어캣 간식|미어캣 장난감|미어캣 필요|미어캣 비용|반려 미어캣|애완 미어캣|미어캣 분양비|미어캣 가격|작은동물|소동물|특수동물|특수소동물|특수반려동물|특수애완동물|미어캣은 또 속았습니다|ミ?アキャット|動物|かわいい|meerkat|meerkat care|meerkat cage|cute|cute animal|cute meerkat,250061,7965,55,1197,https://i.ytimg.com/vi/6Z8RHKyd1yY/default.jpg,FALSE,FALSE
2hxs5jchRVs,실시간으로 타락 중인 헬스 트레이너 근황 인터뷰. 치즈볼 먹고 눈물흘린 이유 / 스브스뉴스,2020-09-12T01:45:01Z,UCQabORQKQRHP-iUqe-xIFvg,스브스뉴스 SUBUSU NEWS,25,20.18.09,스브스뉴스|코로나19|코로나바이러스|코로나조심|거리두기3단계|거리두기강화|헬스의정석|헬스빌리지|헬스브이로그|헬스장환불|헬스pt|운동브이로그|건강강의|치즈볼|치즈볼먹방|먹방로그|먹방브이로그|먹방리뷰|음식리뷰|음식문화|먹바이벌|먹방도전|먹방의 신|타락 헬스|bj치즈볼|타락헬창|핏블리,1604741,18391,338,2169,https://i.ytimg.com/vi/2hxs5jchRVs/default.jpg,FALSE,FALSE
8lr4RMtQUXc,[주식왕용느]힘들떄웃는자가!!미ㅊ놈이지그게...★당신의매수매도는어느누구도책임지지않습니다...,2020-09-15T06:33:31Z,UCbHN1sTuPySKpnqKSp0JHRQ,TV용느님,20,20.18.09,용느|주식|단타,102912,730,118,81,https://i.ytimg.com/vi/8lr4RMtQUXc/default.jpg,FALSE,FALSE
gRdQ9ffnkN8,[미운 우리 새끼] '진짜로 근육인들은 팔하트가 안 되나요?' 박준형x김계란x김종국 헬스인들의 만남 / 'My Little Old Boy' Special | SBS NOW,2020-09-11T09:00:10Z,UCcOYEm78CpaZQvPE6LtoSeA,SBS NOW / SBS 공식 채널,24,20.18.09,SBS Entertainment|카오|아몬드|카카오|강아지|포메|비숑|예고|미운 우리 새끼|신동엽|서장훈|이상민|김종국|홍진영|엄마|어머니|미우새|홍선영|홍자매|Shin dong yup|Seo jang hoon|Kim gun mo|Lee Sang min|Park soo hong|Tony an|Kim jong kook|Hong jin young|Hong sun young|Hong sisters|Preview|김희철|Kim Huicheol|운동|운동브이로그|운동법|헬스|헬스장,1976634,17395,325,3010,https://i.ytimg.com/vi/gRdQ9ffnkN8/default.jpg,FALSE,FALSE
7Pqq039yVEY,"내 영혼 치유하소서 이제 주만 찬양합니다 Heal my soul, now only you praise",2020-09-13T22:00:02Z,UCI8vZWRSzUmJAMveJTxOo9g,Beecompany비컴퍼니,10,20.18.09,ccm 듣기|찬양|워쉽|씨씨엠|worship|무료|듣기|비컴퍼니|예배|best|praise|band|복음|성가|틀어줘|은혜|연속|모음|메들리|찬가|아름다운|들려줘|실시간|2시|노래방|어린이|말씀송|톡톡쏙쏙|성령|임재|마음|영혼|감사|치유|회복|기쁨|평화|보혈|소망|광야|생명|인도하심|승리|구원|연속듣기|Longplay CCM|Hymns korean,75173,1330,62,82,https://i.ytimg.com/vi/7Pqq039yVEY/default.jpg,FALSE,FALSE
exfMrOU5kzQ,언제 연락주세요?( ?? ??? )내가 뭘 잘못 했어? (질척) ※환불원정대 매니저 후보※ 결과는? | 놀면뭐하니? | #TVPP,2020-09-14T07:27:28Z,UC1cWTErb7vw_UmmuB0dYgsQ,TV-People,24,20.18.09,MBC|people|TVPP|지미유,183581,1355,49,353,https://i.ytimg.com/vi/exfMrOU5kzQ/default.jpg,FALSE,FALSE
ku8tKXwzjTc,[김용민브리핑] 공영·진보언론 기자까지 왜 맛이 갔나? (2020. 9. 17),2020-09-17T10:10:09Z,UCljnbFCt-4doBr7wtEIIbbw,김용민TV,25,20.18.09,[none],43886,5790,26,69,https://i.ytimg.com/vi/ku8tKXwzjTc/default.jpg,FALSE,FALSE
adWJ9dj6dOQ,부정선거 새 국면··· “中 공산당 개입됐다”··· 美 국무부 보고 받았다 - 조우석 칼럼 2020.09.14 [뉴스타운TV],2020-09-14T01:59:34Z,UCGYmXLgNJoh5fIqheoVhx4w,뉴스타운TV,25,20.18.09,뉴스타운TV|newstownTV|뉴스타운|우파|좌파|애국|애국방송|대한민국|자유민주주의|자유대한민국|국민|문재인|퇴진|자유|우익|구국|자유당|공산화|415|부정선거|언론|중앙일보,95421,14787,126,589,https://i.ytimg.com/vi/adWJ9dj6dOQ/default.jpg,FALSE,FALSE
RV8F7wii-08,사장 몰래 비밀 정보국 요원으로 투잡 뛰는 '힘을 숨긴 비서',2020-09-13T09:26:14Z,UCVE-zq_yK_InhsVaJPQEttw,캡틴라미[captain ramy],1,20.18.09,영화리뷰|영화추천|결말포함|넷플릭스|슈퍼걸|슈퍼맨|슈퍼|슈퍼히어로|히어로|슈퍼걸드라마|드라마,184820,1114,27,51,https://i.ytimg.com/vi/RV8F7wii-08/default.jpg,FALSE,FALSE
RkvpOmcF1tQ,자꾸만 내 인생에 간섭하는 옆집 꼰대의 정체가 알고보니 ㅇㅃ였습니다,2020-09-16T07:00:11Z,UCqeOY0kedIjM9cfuBes4BSQ,Red Tomato,1,20.18.09,애니메이션|미스터리|상상극장|재밌는거|영화,69033,2310,38,786,https://i.ytimg.com/vi/RkvpOmcF1tQ/default.jpg,FALSE,FALSE
