video_id,title,publishedAt,channelId,channelTitle,categoryId,trending_date,tags,view_count,likes,dislikes,comment_count,thumbnail_link,comments_disabled,ratings_disabled
"4R2Ii9Rs2Vw","청년들에 사과하라 하태경 국민의힘 의원 질의에 특혜 아냐 정경두 국방부 장관 답변","2020-09-15T09:33:57Z","UC1aS5CRRDrN6CmR2VcpmetA","한국일보(hankookilbo.com)","25","20.16.09","하태경|정경두|국방장관|추미애|아들|법무부|법무부 장관|장관|더불어민주당|국민의힘|아들 특혜 의혹|사오정|군대|휴가|국방부|용산|카투사|카츄사|특혜|병가|연장","317949","7171","575","2874","https://i.ytimg.com/vi/4R2Ii9Rs2Vw/default.jpg","False","False"
"foWBxI-X5HY","너무 야비하지 않습니까 추미애 법무부 장관의 전주혜 국민의힘 의원 질의에 대한 답변","2020-09-14T12:10:21Z","UC1aS5CRRDrN6CmR2VcpmetA","한국일보(hankookilbo.com)","25","20.16.09","추미애|법무장관|법무부 장관|아들|특혜|논란|법무부|카투사|휴가|병가|전화|연장|전주혜|국민의힘|국민의짐|비례대표|의원|국회|대정부질문|정치분야|정치|사회|경제","699112","14551","1602","10247","https://i.ytimg.com/vi/foWBxI-X5HY/default.jpg","False","False"
"Y8YKAT1dBdk","[김어준의 뉴스공장 FULL/9월 16일] 카투사들의 계속되는 제보 “너무한 언론의 마녀사냥”","2020-09-16T02:10:42Z","UC5HSw5OY2vfVFSihpiB-AVQ","TBS 시민의방송","25","20.16.09","TBS|김어준|뉴스공장|대북전단|삐라|이재용|삼성|정경심|타투이스트|김여정","359175","27974","685","681","https://i.ytimg.com/vi/Y8YKAT1dBdk/default.jpg","False","False"
"dQqlXutx3jY","애플에 배신 당했습니다. 더싸고 좋은 아이패드 에어 4세대? 가성비 애플워치 SE? 등 애플 신제품 발표 자세한 총정리!","2020-09-16T04:00:12Z","UCdUcjkyZtf-1WJyPPiETF1g","ITSub잇섭","28","20.16.09","애플 공개|애플 신제품|아이패드 에어 4세대|아이패드 에어|아이패드|애플워치|애플워치6|애플워치 시리즈6|시리즈6|애플워치 SE","505118","8534","212","2789","https://i.ytimg.com/vi/dQqlXutx3jY/default.jpg","False","False"
"HEmAZNsnj34","[단독] 서울 한복판에 '불법 도박장' 차린 개그맨들 (2020.09.15/뉴스데스크/MBC)","2020-09-15T11:34:00Z","UCF4Wxdo3inmxP-Y59wXDsFw","MBCNEWS","25","20.16.09","MBC|MBC뉴스|뉴스데스크|newsdesk|뉴스투데이|newstoday|8시뉴스|아침뉴스|뉴스|정오뉴스|news|개그맨|불법 도박|도박장","1483028","8157","384","2932","https://i.ytimg.com/vi/HEmAZNsnj34/default.jpg","False","False"
"9a-AuvwSWFA","[FULL-eng sub] BTS Visual Radio in MBC / 방탄소년단, 배철수의 음악캠프 출연 보이는 라디오","2020-09-14T11:12:51Z","UCKNZsAeQXpvI-Mpoc0ZKhsA","MBC Radio봉춘라디오","10","20.16.09","btslive|btsmbc|방탄|봄날|dna|작은것들을위한시|fakelove|idol|피땀눈물|ineedyou|불타오르네|fire|micdrop|쩔어|고민보다go|saveme|run|노홍철|rm|랩몬스터|김남준|진|김석진|jin|슈가|suga|민윤기|제이홉|j-hope|정호석|지민|jimin|박지민|뷔|김태형|정국|전정국|bangtantv","2617451","209554","1304","6059","https://i.ytimg.com/vi/9a-AuvwSWFA/default.jpg","False","False"
"95VJZY5AYIc","피의자 신문하시나 박형수 국민의힘 의원 질문에 대한 추미애 법무부 장관의 답변","2020-09-14T07:56:46Z","UC1aS5CRRDrN6CmR2VcpmetA","한국일보(hankookilbo.com)","25","20.16.09","추미애|법무장관|법무부 장관|아들|특혜|논란|법무부|카투사|휴가|병가|전화|연장","440866","7600","770","4535","https://i.ytimg.com/vi/95VJZY5AYIc/default.jpg","False","False"
"gqsssi5by38","발음 때문에 바보로 오해받지만 알고 보면 IQ 상위 3%의 뇌섹녀 [무엇이든 물어보살]","2020-09-13T22:00:13Z","UCr0adenI5KeQFJkMIGjq5qw","KBS N","24","20.16.09","KBSN|서장훈|이수근|무엇이든물어보살|고민상담|점괘|보살|선녀보살|동자보살|KBSJoy|덕자","3081754","31797","974","6715","https://i.ytimg.com/vi/gqsssi5by38/default.jpg","False","False"
"C-V7kTnGXJI","'다 부숴버리겠다'…비뚤어진 모정이 불러온 편의점 차량 돌진 / 연합뉴스 (Yonhapnews)","2020-09-16T03:02:58Z","UCj3_t5p4L4aFsvdW3uHjnnw","연합뉴스 Yonhapnews","25","20.16.09","연합뉴스|yonhapnews|뉴스|영상|이슈|디지털|news|화제","445911","2247","89","3232","https://i.ytimg.com/vi/C-V7kTnGXJI/default.jpg","False","False"
"b13xnFp_LJs","Apple Event — September 15","2020-09-15T18:14:08Z","UCE_M8A5yxnLfW0KghEeajjw","Apple","28","20.16.09","Apple|iOS|iPhone|Mac|Apple Watch|Series 5|Series 6|iPad|iPad Air|Macbook|iMac|MacBook Pro|Fitness|Wellness|Illustration|Apple TV|Digital Art|AirPods|Apple Event|Apple Keynote|WWDC|September|Apple Special Event|Apple Launch","10800126","421517","37444","0","https://i.ytimg.com/vi/b13xnFp_LJs/default.jpg","True","False"
"76icSNiX0xA","BTS (방탄소년단) VMAs Dynamite Getting Ready | Vogue","2020-09-15T15:44:05Z","UCRXiA3h1no_PFkb1JCP0yMA","Vogue","24","20.16.09","bts|vmas|bts band|bts vogue|bts behind the scenes|bts kpop|bts kpop group|vogue bts|24 hours with bts|24 hours bts|bts interview|interview with bts|bts green screen|bts vogue interview|bts (방탄소년단)|방탄소년단|방탄소년단 vogue|bangtan boys|bangtan boys bts|bts vma|bts vma performance|bts vma bts|dynamite bts|방탄|dynamite vma|dynamite vmas|투모로우바이투게더|big hit bts|dynamite getting ready|dynamite mv|jin|vogue","1827569","328724","1219","13491","https://i.ytimg.com/vi/76icSNiX0xA/default.jpg","False","False"
"TzFRVk2ektI","MAX - Blueberry Eyes (feat. SUGA of BTS) [Official Music Video]","2020-09-15T16:00:09Z","UCbwD4Ynubv_4Y-xDyIq86rw","MAXVEVO","10","20.16.09","MAX|Suga|Blueberry|Eyes|(feat.|SUGA|BTS)|[Official|Music|Video]|(SME/RED|JV)|LP2|Pop","3738368","971739","7199","73939","https://i.ytimg.com/vi/TzFRVk2ektI/default.jpg","False","False"
"1Q4bimul4DE","정동원 헨리 형과 즉석연주 [아내의맛]","2020-09-15T23:00:00Z","UCrLQ0ovys23H9xBV6U-Sd4A","정동원TV","10","20.16.09","[none]","370868","16945","298","1605","https://i.ytimg.com/vi/1Q4bimul4DE/default.jpg","False","False"
"a5D6UajK5JA","[티저] ☕'청춘다큐-다시 스물' 🍰시즌2, 커피프린스 1호점 #MBCLife","2020-09-15T08:00:00Z","UCfWZnsdfiKvOyHDGfzMT3Cg","MBClife","24","20.16.09","MBC|다큐하우스|다큐|다큐멘터리|documentary|교양|지식|정보|시사|시리즈|시리즈m|방송|생방|동물|육아니멀|시청자|반려동물|반려견|찡|다큐플렉스|티저|공유|이선균|윤은혜|채정안|커프|커프1호점|다시스물|청춘다큐","292937","7996","28","926","https://i.ytimg.com/vi/a5D6UajK5JA/default.jpg","False","False"
"4ZwADtASJf4","이강인, 개막전 현지해설 자신이 원하는 대로 플레이를 하고 있어요 #SPORTSTIME","2020-09-14T03:41:06Z","UCnXNukjRxXGD8aeZGRV-lYg","스포츠타임","17","20.16.09","라리가|이강인|SPOTV|SPOTV NEWS|발렌시아|현지해설|손흥민|이승우|KANG IN","791347","4948","163","1152","https://i.ytimg.com/vi/4ZwADtASJf4/default.jpg","False","False"
"ZF0o-_G3prA","이제 싼타페급? 현대 신형 투싼 롱휠베이스 최초공개 편집본","2020-09-15T07:38:07Z","UCd5CdYxogKBwvv1xyuxhvZA","김한용의 MOCAR","2","20.16.09","김한용|mocar|모카|시승기|자동차|국산차|수입차|현대차","523676","4118","363","1124","https://i.ytimg.com/vi/ZF0o-_G3prA/default.jpg","False","False"
"t9Dc-l8p-Vs","애플워치 시리즈6, SE, 아이패드 에어4, 8세대! 애플 신제품 발표회 8분 순삭 총정리!","2020-09-15T20:15:01Z","UCO4RG1vk36RKwc2z6TZ7Djw","이퓨","28","20.16.09","아이패드 에어4|애플워치 시리즈6|애플워치6|애플워치 6|애플워치|애플워치 SE|애플워치SE|아이페드에어4|아이패드에어|아이패드8세대|8세대아이패드|애플|apple|테크|tech|기술|모바일|it","56660","811","48","580","https://i.ytimg.com/vi/t9Dc-l8p-Vs/default.jpg","False","False"
"InSGyn6cpaU","던파 슈퍼계정 간단 정리 : G식백과 김펠레 사이언스","2020-09-15T13:27:29Z","UCZ0bi2aVJngKLwFTU5g_fLQ","김성회의 G식백과","20","20.16.09","던파|던전앤파이터|궁댕이맨단|슈퍼계정|네오플","418671","10923","183","2762","https://i.ytimg.com/vi/InSGyn6cpaU/default.jpg","False","False"
"saZ7wiqN7y4","세계 최초! 현대 신형 투싼을 실물로 만났습니다!…투싼 하이브리드, 실제로 보면 충격!","2020-09-16T03:20:54Z","UCd5CdYxogKBwvv1xyuxhvZA","김한용의 MOCAR","2","20.16.09","투싼 풀체인지|투싼 후속|신형 투싼|tucson hybrid 2021|투싼 하이브리드|현대 투싼|현대 투싼 풀체인지|현대 투싼 nx4|현대 투싼 신형|현대 투싼 차박|현대 투싼 가솔린|투싼 공개|투싼 옵션|투싼 nx4|투싼 신형|투싼 실내|투싼 디젤|투싼 리뷰|hyundai tucson|4세대 투싼|현대 신형 투싼|hyundai tucson 2021|현대 투싼 리뷰|투싼 nx4 크기|투싼 nx4 색상|투싼 nx4 출시일|투싼 nx4 실내|신형 투싼 nx4|투싼 풀체인지 nx4|4세대 투싼 풀체인지|hyundai tucson 2021 korea|vision t|모카 투싼|nx4 투싼|모카 김한용|김한용 모카|김한용 투싼|투싼 풀체인지 하이브리드|투싼 nx4 하이브리드|투싼 디자인","311525","3517","226","984","https://i.ytimg.com/vi/saZ7wiqN7y4/default.jpg","False","False"
"HeyDvliT-6E","귀엽고 짜증나는 미니 팬케잌 시리얼","2020-09-15T10:18:45Z","UCN8CPzwkYiDVLZlgD4JQgJQ","박막례 할머니 Korea Grandma","23","20.16.09","박막례|박막례할머니|막례할머니|박막례여사","506521","16673","256","1057","https://i.ytimg.com/vi/HeyDvliT-6E/default.jpg","False","False"
"u-x1G3PAs_E","헐리웃에서 이병헌 연기실력보고 충격받아 30억 주고 캐스팅했다는 영화","2020-09-14T04:51:28Z","UCpCiIDf9UrfRqte55FHWlYQ","드림텔러(DreamTeller)","1","20.16.09","[none]","938632","7494","412","1149","https://i.ytimg.com/vi/u-x1G3PAs_E/default.jpg","False","False"
"gxPyzaYx7-c","🤬발길질에 주먹질, 인종차별 논란까지.. 네이마르에게 무슨일이?😲 [리그1]","2020-09-14T01:54:15Z","UCqsKWTIu7IhBjLFZS2s1ULQ","SBS Sports","17","20.16.09","네이마르|음바페|디마리아|psg|마르세유|르클라시크|퇴장|레드카드|토방|난투극|인종차별|racism","1197984","4508","212","2730","https://i.ytimg.com/vi/gxPyzaYx7-c/default.jpg","False","False"
"JNCgaCOu6dQ","9/16(수) - 바빠서 10억 빠뜨린 국회의원? 말이 되나?(김진애) / 秋 구하려고 軍 망쳐 vs 국민 역린 맞다.. 빠른 수사(박성중·박용진) [김현정의 뉴스쇼]","2020-09-16T00:01:22Z","UC4Aa3OPkMenwTANpf0oWVRQ","CBS 김현정의 뉴스쇼","25","20.16.09","김현정|뉴스쇼|국회의원 재산|김진애 의원|광역시 통합|추미애 아들|황희 단독범|독감 백신|덴마크 성교육","66186","1311","110","86","https://i.ytimg.com/vi/JNCgaCOu6dQ/default.jpg","False","False"
"CWGYcmirsho","완판? 이게 다 팔렸다구요?","2020-09-15T09:00:03Z","UCs1R9zP6rH2GlTNHUI5SBkw","승우아빠 일상채널","24","20.16.09","Twitch|승우아빠|마이야르|트위치|쿠캣마켓|특수부위","274849","5342","69","1001","https://i.ytimg.com/vi/CWGYcmirsho/default.jpg","False","False"
"JCY_dG3bg7Q","[김어준의 뉴스공장 FULL/9월 15일] '추미애 장관 청문회' 된 대정부질문","2020-09-15T02:10:37Z","UC5HSw5OY2vfVFSihpiB-AVQ","TBS 시민의방송","25","20.16.09","TBS|김어준|뉴스공장|대북전단|삐라|이재용|삼성|정경심|타투이스트|김여정","397361","28440","720","984","https://i.ytimg.com/vi/JCY_dG3bg7Q/default.jpg","False","False"
"CkRDw4En_78","단시간 전신 다이어트 최고의 운동 [칼소폭 찐 핵매운맛]","2020-09-14T10:30:35Z","UCpg89Ys3E4BaLGgEEWVmI9g","Thankyou BUBU","26","20.16.09","전신유산소|유산소운동|뱃살빼는운동|다이어트운동|살빠지는운동|허벅지살|뱃살|옆구리살|홈트|홈트레이닝","338374","17205","172","2402","https://i.ytimg.com/vi/CkRDw4En_78/default.jpg","False","False"
"Y1zFu93y9y8","※놀라지마세요※ 성교육 책 들여다보니.. | 해운대 포르쉐 통장 60개는 왜?","2020-09-16T01:07:54Z","UC4Aa3OPkMenwTANpf0oWVRQ","CBS 김현정의 뉴스쇼","25","20.16.09","김현정|뉴스쇼|통장60개|해운대 포르쉐|덴마크 성교육|성교육 동화책|을왕리 벤츠|평택 편의점","59583","1773","76","115","https://i.ytimg.com/vi/Y1zFu93y9y8/default.jpg","False","False"
"Jw0gbbsW2SE","(SUB) 얼짱 박지호, 꽃미남에서 으른미 뿜뿜👍 |Allzzang|얼짱시대요즘뭐해 EP.02","2020-09-15T09:00:04Z","UCYmo0HyIbPtyu5QnFZ7-V5Q","얼짱TV","24","20.16.09","얼짱시대|얼짱TV|얼짱|얼짱시대요즘뭐해|요즘뭐해|홍영기|박지호|문야엘|강혁민|추억|싸이월드|미니홈피|투데이|도토리|인플루언서|유튜버|인스타그램|트위치|훈남BJ|트렌드세터|컴싸아라|훈녀생정|인소|웹소설|얼짱각도|훈남|훈녀|퍼가요","295412","2257","80","403","https://i.ytimg.com/vi/Jw0gbbsW2SE/default.jpg","False","False"
"cE4noLw95Yc","YooA, Bon voyage (유아, 숲의 아이) [THE SHOW 200915]","2020-09-15T10:17:34Z","UCoRXPcv8XK5fAplLbk9PTww","The K-POP","10","20.16.09","K-pop|Kpop|SBS|Korea|sbsmedianet|200915|THE SHOW|더쇼|더쇼라이브|유아|숲의 아이|YooA|Bon voyage","140477","9727","178","548","https://i.ytimg.com/vi/cE4noLw95Yc/default.jpg","False","False"
"HBBmEc5QXVw","싼타페는 포기했나? 실내 대박! 현대 신형 투싼 정식 공개! 싼타페보다 1cm 짧은 휠베이스  New Hyundai Tucson","2020-09-15T05:03:38Z","UCrXkDAx7w0EbfnyM7yNzmpQ","Motorian모터리언","2","20.16.09","현대|투싼|신형 투싼|뉴 투싼|4세대 투싼|NX4 투싼|Hyundai|Tucson|New Tucson","111399","1091","75","244","https://i.ytimg.com/vi/HBBmEc5QXVw/default.jpg","False","False"
"cEfj7zjMFsc","정청래, 추미애 아들 문제 전격 질의. 본회의장 웃음","2020-09-14T07:00:55Z","UCLiK08tsWKL5bNoz1f8sHsw","MediaVOP","25","20.16.09","민중의소리|이슈","459698","14782","1223","3604","https://i.ytimg.com/vi/cEfj7zjMFsc/default.jpg","False","False"
"h0MNH6Amu30","[100분토론] - 추미애 장관 아들 논란, 사실은? (885회)","2020-09-15T16:01:41Z","UCD46H9Pm3nLqCj7vv3pQkPA","MBC 100분토론","25","20.16.09","정준희|100분토론|백분토론|토론|윤건영|황보승희|국민의청원|프레임토론|원격수업|추미애|군대|휴가","144179","2771","190","1498","https://i.ytimg.com/vi/h0MNH6Amu30/default.jpg","False","False"
"NHyHM22iNrA","7299회. 신호등 고장나 그냥 통과했는데 단속한 경찰관. 방송 후 해당 경찰서 경비교통과장이 실명으로 댓글을 남기고 제보자를 찾아왔습니다.","2020-09-15T11:26:17Z","UCH5U89kvHrVxxS80xpoOydw","한문철 TV","2","20.16.09","한문철|과실비율|몇대몇|사고|교통사고|영상|블랙박스|블박|블박세|블랙박스로 본 세상|스스로닷컴|susulaw|car|traffic|accident|traffic accident|black box|dash cam|video","415286","6402","192","2982","https://i.ytimg.com/vi/NHyHM22iNrA/default.jpg","False","False"
"RoFCbALOhsE","[사건실화] 1차로가 앗아간 안타까운 두 생명 - 실화탐사대 (9월12일 방송) #실화탐사대 #실화On","2020-09-14T03:00:03Z","UC0imORt231LWWyyotvE3lUw","실화 On","25","20.16.09","사건|실화|실화탐사대|신동엽|김정근|강다솜|박지훈|실화On|실탐|주간사건실화|사건실화|Truestory|실화탐사|충격실화|1차로|앗아간두생명|은결|빈아|고잔|고잔톨게이트|사고차량|미조치","483883","4212","153","1940","https://i.ytimg.com/vi/RoFCbALOhsE/default.jpg","False","False"
"KToUMgGsw7U","7287회. (풀영상 공개)포르쉐, 부산 도심 한복판에서 시속 140km 신호 위반으로 도주하다 7중 추돌 사고 내고 전복. 그런데 음주가 아니다?","2020-09-15T05:30:01Z","UCH5U89kvHrVxxS80xpoOydw","한문철 TV","2","20.16.09","한문철|과실비율|몇대몇|사고|교통사고|영상|블랙박스|블박|블박세|블랙박스로 본 세상|스스로닷컴|susulaw|car|traffic|accident|traffic accident|black box|dash cam|video","472856","3850","168","1727","https://i.ytimg.com/vi/KToUMgGsw7U/default.jpg","False","False"
"o_dc6PzpcZw","[EP.06] 현모양처의 표본, 완벽한 내 아내의 믿지 못할 과거, 남편의 선택은?!  I 애로부부(Doomed Marriage) I 매주 월요일 밤 10시","2020-09-14T12:00:16Z","UCAP8OK0GHFbnL5OkY3j04Xw","skyTV 스카이티브이","24","20.16.09","skyTV|스카이티비|최화정|홍진경|이상아|이용진|양재진|애로부부|에로부부|막장드라마|드라마|웹드라마|부부|상간녀|애로부부 재연배우|애로부부 예고|애로부부 예고편|불륜드라마|동거|Doomed Marriage|Drama|부부의세계|현실판 부부의 세계|이혼|위험한 동거|내연남|막장|선수|공사|제비|바람|외도","120023","645","94","164","https://i.ytimg.com/vi/o_dc6PzpcZw/default.jpg","False","False"
"iab3tVa6EjY","아이스크림왕 만나서 네고해왔습니다 [네고왕] Ep.5","2020-09-11T09:30:02Z","UC0SoPwEH3idvemSDvKaYgGA","달라스튜디오","23","20.16.09","예능|달라스튜디오|DALLA|할인|광희|황광희|제아|제국의아이들|여름|빙수","4159450","109747","1391","15360","https://i.ytimg.com/vi/iab3tVa6EjY/default.jpg","False","False"
"DLRqMn3ouxE","신형 투싼 풀체인지의 5가지 핵심 포인트…가격 인상, 실물 깡패, 차박 폴딩, 싼타페급 차체, 하이브리드 혜택","2020-09-15T10:00:05Z","UCp0B9n0YYC8E8bJmS5i4oqw","Motorgraph 모터그래프","2","20.16.09","모터그래프|motorgraph|자동차|신차|국산차|수입차|전승용|김상영|신승영|강병휘|리뷰|시승기|후기|review","78951","607","36","156","https://i.ytimg.com/vi/DLRqMn3ouxE/default.jpg","False","False"
"qG0853dhnNI","실물 공개된 LG 윙 (Wing), 신박한 스마트폰 자세히 살펴보기!","2020-09-14T15:00:10Z","UCO4RG1vk36RKwc2z6TZ7Djw","이퓨","28","20.16.09","LG 윙|윙|LG Wing|Wing|LG전자|LG전자 스마트폰|LG전자 윙|테크|tech|기술|스마트폰|it|smartphone|모바일|mobile","140809","1123","426","776","https://i.ytimg.com/vi/qG0853dhnNI/default.jpg","False","False"
"b-gMZlaD3SM","2020 9월 애플 이벤트 7분 정리  한눈에 보기! [ 애플워치6, 애플워치SE, 아이패드 8세대, 아이패드 에어  4세대 ]","2020-09-15T22:27:31Z","UCMyB-XGM7dcovuPoKeunAMQ","인스펙팅룸 InspectingRoom","28","20.16.09","애플 이벤트 2020|애플|애플 이벤트 2020 9월|아이폰|아이폰12|애플워치6|에어4|워치se|워치6|애플워치se|아이패드 8세대|아이패드 에어 4세대|아이패드8|에어 4세대|아이패드|아이폰 12|아이폰12 출시일|아이폰12 프로 출시일|아이폰12 미니|아이폰12프로|아이폰12 디자인|아이폰12 노치|아이폰12 카메라|아이폰12 색상|애플워치6 출시일|애플워치6 블루|애플워치6 색상|애플워치se 출시일|아이패드 8세대 출시일|아이패드 에어4 출시일|apple event 2020|apple|iphone 12|iphone12|iphone 12 pro|apple watch 6|apple watch se|ipad|ipad 8 gen|ipad air|ipad air 4 gen|인스펙팅룸|인스펙팅룸 아이폰","69536","917","33","377","https://i.ytimg.com/vi/b-gMZlaD3SM/default.jpg","False","False"
"F6U-LBQdLR8","'드디어 터졌다' 이승우, 데뷔골+멀티골 폭발 #SPORTSTIME","2020-09-13T19:01:46Z","UCnXNukjRxXGD8aeZGRV-lYg","스포츠타임","17","20.16.09","이승우|벨기에|유럽|멀티골|데뷔골|세리에|헬라스|이탈리아|신트트라위던|스포티비|스포티비 나우|spotv|lee seung woo|해외축구|스페인|바르셀로나|바르샤","557278","4394","100","839","https://i.ytimg.com/vi/F6U-LBQdLR8/default.jpg","False","False"
"Aa-dm6vIer4","(어그로X) 채널이름 주작비로 바꾸기 VS 구독자한테 자동차 사주기ㅋㅋ 두남자의 양보없는 자존심대결ㅋㅋㅋㅋ","2020-09-14T08:45:12Z","UCyCL5k8P1iUOc1EymhhMW1A","더블비","23","20.16.09","더블비|주작비|장난치기|자존심|핵존심|싸우기|대결","624744","15985","966","3358","https://i.ytimg.com/vi/Aa-dm6vIer4/default.jpg","False","False"
"_J-BQNyT3q4","우리집 분위기는 내가 책임진다! 김해 7살 신동 백고은♥ 어쩜 이렇게 좋을수가~ 무대 모음 | 사랑 참, 무명배우","2020-09-14T08:00:03Z","UCUsCKdK1HlmBfAjaftDcEJw","KBS창원 뮤직","10","20.16.09","#백고은|#사랑참|#무명배우|#우리집비타민|#노래가좋아|#트로트신동|#트롯신동","117770","1529","112","84","https://i.ytimg.com/vi/_J-BQNyT3q4/default.jpg","False","False"
"Ea-IR1HxCW0","#김다현 #황민우 나이는 숫자❎ 마음은 진짜⭕ 무대에 완전 진심인 신동들! 예~~~뻐!!😙 [대케가수]","2020-09-14T07:45:11Z","UCUnSdg6_nmdhh2fXjsNqTXg","KBS대전","24","20.16.09","KBS|세종|충남|kbs|대전광역시|충청남도|보이스트롯|황민우|김다현|리틀싸이 황민우|리틀싸이|싸이|국악신동|국악신동 김다현|트롯신동|트로트 신동|트로트|트롯|trot|보이스트롯 김다현|보이스트롯 황민우|황민우 나팔바지|황민우 빌리진|빌리진|모나리자|황민우 마이클잭슨|국악소녀|트로트 꿈나무|국악자매|트로트 무대|보이스트롯 신동|김봉곤|훈장님|김다현 훈장님|김연자|김연자 아모르파티|아모르파티|황민우 아모르파티|황민우 강남스타일|강남스타일|사랑가|진달레꽃|김다현 사랑가|김다현 진달레꽃|김다현 이별가|바람의 빛깔|김다현 바람의 빛깔|산도깨비|김다현 산도깨비|김다현 국악|김다현 노래|황민우 노래|황민우 싸이","305873","3203","203","113","https://i.ytimg.com/vi/Ea-IR1HxCW0/default.jpg","False","False"
"qB135yqEgOU","[선공개] 인성 문제 없는 이근대위의 특수 요원 훈련!(*유행어 자판기 주의*)ㅣ집사부일체(Master in the House)ㅣSBS ENTER.","2020-09-13T00:00:05Z","UCmjNKt6kITwaZTqvWuaSPLg","SBS Entertainment","24","20.16.09","sbs|20200913|이승기|양세형|신성록|차은우|김동현|집사부일체예고|집사부일체137예고|집사부일체미리보기","1375586","17191","295","3367","https://i.ytimg.com/vi/qB135yqEgOU/default.jpg","False","False"
"ErC5f7OlPdU","*사지가 뒤틀린 기모노 인형, 방송 제작진도 중간에 포기해버렸다. 인피인형의 진실  | 토요미스테리 | 디바제시카","2020-09-14T09:27:18Z","UCh6O-aBKR-99dg4rPy69CXg","디바제시카DeevaJessica","27","20.16.09","디바제시카|토요미스테리|금요사건파일|귀로듣는영화|쇼킹탑텐|무서운이야기|공포이야기|지식정보튜브|토미|금사파|지튜|미스테리|공포영화|귀듣영|제시카","317049","6410","291","1144","https://i.ytimg.com/vi/ErC5f7OlPdU/default.jpg","False","False"
"SJ9vRv9jhds","속보)육본 대위 등장!! [라이브 EP155]","2020-09-16T03:45:26Z","UCXsbYbgwmk_zbTTdwCn_1Ig","엄튜브 /EOMTUBE","22","20.16.09","윤미향|윤미향 검찰|윤미향 당원권 정지|윤미향 길원옥|추미애|추미애 아들|추미애 아들 병가 연장|추미애 아들 휴가|국방부|청와대 국민청원|휴가 청와대 국민청원|김태년|김태년 카톡|민홍철|최형두|진중권|김태년 카톡 병가 연장|정경두|추미애 정경두|국방부 정경두|하태경 정경두|당직사병|육군본부 대위|육본대위 등장|국회 대정부 질문|미스터트롯|임영웅|영탁|이찬원|사랑의 콜센타|국방부 민원 녹취|검찰 국방부 압수수색|김어준|뉴스공장 법정제재|정의연 입장문|윤미향 불기소|정경심|조국|조국 아들|청와대|문재인|국민의힘|더불어민주당|엄튜브|엄성섭|TV CHOSUN","37291","5475","93","52","https://i.ytimg.com/vi/SJ9vRv9jhds/default.jpg","False","False"
"BWksgZHmDpc","Kiss me (내일은 고백할게)","2020-09-15T09:11:48Z","UCwzCuKxyMY_sT7hr1E8G1XA","TAEYEON - Topic","10","20.16.09","TAEYEON|태연|Do You Like Brahms? OST Part.5|브람스를 좋아하세요? OST Part.5|Kiss me|내일은 고백할게","35542","1058","10","33","https://i.ytimg.com/vi/BWksgZHmDpc/default.jpg","False","False"
"GjtMOEPm1SA","[김어준의 뉴스공장 FULL/9월 14일]","2020-09-14T01:59:22Z","UC5HSw5OY2vfVFSihpiB-AVQ","TBS 시민의방송","25","20.16.09","TBS|김어준|뉴스공장|코로나|정의연|미국|트럼프|마포쉼터|이재용|정경심|사모펀드|한명숙|윤미향","446009","30076","953","1091","https://i.ytimg.com/vi/GjtMOEPm1SA/default.jpg","False","False"
"L4WaGDht2SA","TFT 세트4 운명 앞에 위.풍.당.당.(Feat.머쉬베놈) ㅣ 전략적 팀 전투","2020-09-16T05:18:28Z","UCooLkG0FfrkPBQsSuC95L6w","League of Legends - Korea","20","20.16.09","리그오브레전드|리그 오브 레전드|롤|LoL|Leagueoflegends|League of Legends|TFT|TFTm|TeamFightTactics|Team Fight Tactics|mobile|전팀전|전략적 팀 전투|전략적팀전투|머쉬베놈|MUSHVENOM|모바일|두둥등장|DUDUDUNGA|TFT mobile|위풍당당|wepoongdangdang|yt:cc=on","159534","3782","49","796","https://i.ytimg.com/vi/L4WaGDht2SA/default.jpg","False","False"
"ROPepyznAuE","세계 9위 부자까지 올랐던 대한민국 최고의 재벌, 아무도 못하면 현대가 한다! 현대家 스토리 / 14F","2020-09-13T07:00:04Z","UCLKuglhGlMmDteQKoniENIQ","14F 일사에프","25","20.16.09","14f|일사에프|현대자동차BTS|삼성크룹|현대카드|현대백화점|현대중공업|정몽구|정의선|이병철|소비더머니","832454","14729","319","2256","https://i.ytimg.com/vi/ROPepyznAuE/default.jpg","False","False"
"Sx7pTVMxEZo","SuperM 중간고사 | SuperM Midterm Exam : ✏️MARK ✏️BAEKHYUN","2020-09-13T14:00:12Z","UCcjV926qiLr_Ghw6A0lTNjA","SuperM","10","20.16.09","[none]","1181311","0","0","11225","https://i.ytimg.com/vi/Sx7pTVMxEZo/default.jpg","False","True"
"r_VSll0WLZE","Introducing iPad Air — Apple","2020-09-15T18:30:34Z","UCE_M8A5yxnLfW0KghEeajjw","Apple","28","20.16.09","Apple|iPad Air|iPad|Apple Pencil|Magic Keyboard|10.9-inch Liquid Retina display|A14 Bionic chip|sky blue|green|rose gold|space gray|silver|Touch ID|12MP back camera|FaceTime camera|Scribble|Take Note|Notes|note taking","8368157","94541","8026","0","https://i.ytimg.com/vi/r_VSll0WLZE/default.jpg","True","False"
"X-uJtV8ScYk","Stray Kids Back Door M/V","2020-09-14T08:59:57Z","UCaO6TYtlC8U5ttz62hTrZgg","JYP Entertainment","10","20.16.09","JYP|Stray Kids|스트레이 키즈|SKZ|스키즈|방찬|BANG CHAN|리노|LEE KNOW|창빈|서창빈|CHANGBIN|SEOCHANGBIN|현진|황현진|HYUNJIN|HWANGHYUNJIN|한|한지성|HAN|HANJISUNG|필릭스|FELIX|승민|김승민|SEUNGMIN|KIMSEUNGMIN|아이엔|양정인|I.N|YANGJEONGIN|stray kids comeback|stray kids music video|skz back door|스트레이 키즈 back door|스트레이 키즈 백도어|스키즈 백도어|스키즈 back door|back door 뮤비|back door 뮤직비디오|백도어 뮤비|백도어 뮤직비디오|back door music video|back door mv|스트레이 키즈 뮤비|스키즈 뮤비|in life|stray kids in life|skz mv|스트레이 키즈 인생","16581270","1733878","17610","445925","https://i.ytimg.com/vi/X-uJtV8ScYk/default.jpg","False","False"
"_NvxEysIL54","장민호형이 있어서~ 항상 든든한 동생 영탁! 환상의 하모니 #장민호 #영탁 #생일축하해요~","2020-09-16T00:42:05Z","UC6c5iDSFnBI49qpSGJJ0VLg","목포MBC 가요센터","10","20.16.09","MBC|목포MBC|인기가수|트로트|트로트공연|가요|music|트로트 연속듣기|운전할때 듣기좋은 노래|운전하기 듣기좋은 트로트|트로트 메들리|트로트 모음|트로트 무료듣기|트로트 신곡모음|트로트 순위|트로트 메들리 동영상|트로트 인기순위|트로트 가수|트로트 신곡|장민호|영탁","50386","1988","43","136","https://i.ytimg.com/vi/_NvxEysIL54/default.jpg","False","False"
"Pii224aV-jY","GalaxyxBTS: The Strange Tailor Shop 👔 | Samsung","2020-09-13T11:11:41Z","UCWwgaK7x0_FR1goeSRazfsQ","Samsung","28","20.16.09","Samsung|SamsungGalaxy|Galaxy|GalaxyNote20|BTSxGalaxy|BTS|RM|Jin|SUGA|j-hope|Jimin|JungKook","1547672","327628","1612","17309","https://i.ytimg.com/vi/Pii224aV-jY/default.jpg","False","False"
"JSip7VvFQJ0","홍영표 군 사유화세력이 청문회 난장판 만드나..발끈한 신원식, 한기호 퇴장","2020-09-16T02:33:00Z","UC1ihKJ6GH37xoWdtllZqhLw","팩트TV NEWS","25","20.16.09","팩트티비|팩트TV|FACTTV|더불어민주당|국회|정의당|열린민주당|미래통합당|국민의힘|홍영표|이채익|신원식|한기호|쿠데타","195606","8228","228","2432","https://i.ytimg.com/vi/JSip7VvFQJ0/default.jpg","False","False"
"OWcEcuR7wC0","TREASURE - '사랑해 (I LOVE YOU)' M/V TEASER","2020-09-15T15:00:07Z","UCx9hXYOCvUYwrprEqe4ZQHA","TREASURE (트레저)","24","20.16.09","YG Entertainment|YG|와이지|K-pop|트레져|트레저|TREASURE|CHOI HYUN SUK|JIHOON|YOSHI|JUNKYU|MASHIHO|YOON JAE HYUK|ASAHI|BANG YE DAM|DOYOUNG|HARUTO|PARK JEONG WOO|SO JUNG HWAN|최현석|지훈|요시|준규|마시호|윤재혁|아사히|방예담|도영|하루토|박정우|소정환|TREASURE 사랑해|사랑해|THE FIRST STEP|CHAPTER TWO|트레저 사랑해|트레저 B.L.T|TREASURE B.L.T|B.L.T|Bling Like This|TREASURE BLT|트레저 BLT|THE FIRST STEP : CHAPTER TWO","1089289","289376","638","24259","https://i.ytimg.com/vi/OWcEcuR7wC0/default.jpg","False","False"
"gcAIsQpzGIA","[ENG] 가짜사나이, 에뛰드 드디어 성사?! 알바 취소로 장성규 집까지 찾아가 라운드걸 약속 받아낸 구독자 소통 특집 | 워크맨 ep.67","2020-09-11T09:00:24Z","UCwx6n_4OcLgzAGdty0RWCoA","워크맨-Workman","24","20.16.09","studiolululala|JTBC|스튜디오룰루랄라|룰루랄라|워크맨|직업리뷰|알바리뷰|알바썰|알바|직업|장성규|김민아|와썹맨|workman|job|wassupman|아르바이트|후기|알바후기|직업후기|소통|댓글읽기|가짜사나이|에뛰드|극한직업|이근|피지컬갤러리|리뷰","1766902","31322","579","8063","https://i.ytimg.com/vi/gcAIsQpzGIA/default.jpg","False","False"
"0hQFW_yFtRY","드디어 공개된 손흥민 요리스 싸움 녹취록 영어, 충격적이네요..","2020-09-12T07:15:00Z","UCHpIHu4LzmNuD8bsE6mZLSA","영알남YAN","27","20.16.09","손흥민 다큐|손흥민 스페셜|손흥민 반응|손흥민 요리스|손흥민 수비|손흥민 경기후|손흥민 눈물|손흥민 난투극|손흥민 레전드|토트넘 다큐|토트넘 경기|토트넘 경기후|토트넘 공식|토트넘 다큐멘터리|토트넘 다큐 손흥민|토트넘 반응|축구 하이라이트|축구 다큐|축구 싸움|축구 레전드|축구 스페셜|축구 경기|프리미어리그 하이라이트|프리미어리그 토트넘|프리미어리그 경기|프리미어리그 뉴스|프리미어리그 다큐","2136423","21197","1903","6080","https://i.ytimg.com/vi/0hQFW_yFtRY/default.jpg","False","False"
"PFojpAijb3k","[골라봐야지] 별♥하하 부부 등장! ＂어? 그럼 7년동안 3번 하신거네요?＂ 명사수 하하 루머의 진실♨ #1호가될순없어 #JTBC봐야지","2020-09-12T06:17:56Z","UCF3UEVPt5zZTlBVJwDG317g","JTBC Voyage","24","20.16.09","JTBC|JTBC voyage|jtbc봐야지|봐야지|이혼|결혼|부부|부부의 세계|개그맨 부부|개그맨 1호|박미선|장도연|팽현숙|최양락|김지혜|박준형|강재준|이은형|개그|gag|개그우먼|1호가 될 순 없어|number1|실제상황|리얼리티|reality|코미디언|개그판|리얼부부|이혼율|하하|별|haha|야만|드림이|쿤엔터테인먼트|사장님","1345273","8842","478","896","https://i.ytimg.com/vi/PFojpAijb3k/default.jpg","False","False"
"K0jT4tegmAk","신기한 영상 2020 & 다시 한번보기 힘든 놀라운 순간 ! 가장 흥미롭고 믿을 수없는 장면 모음! #117","2020-09-14T09:50:13Z","UCQIJ1GlCJu2_tIrAD86XqmQ","BB Media","22","20.16.09","[none]","436501","2110","835","111","https://i.ytimg.com/vi/K0jT4tegmAk/default.jpg","False","False"
"R9qbuVkbxFc","신기한 영상 2020 다시 한번보기 힘든 놀라운 순간 ! 가장 흥미롭고 믿을 수없는 장면 모음! p99","2020-09-16T04:27:05Z","UCzYCU_LVd2CCtxRusRwBh7A","很棒的生活","22","20.16.09","[none]","117212","524","231","27","https://i.ytimg.com/vi/R9qbuVkbxFc/default.jpg","False","False"
"NRx69mwJ-tY","경리 형수 성대모사하다가 경리 형수한테 들켜버린 상황 ㄷㄷㄷ [oh Hot] - KoonTV","2020-09-15T08:20:43Z","UCbfRcXCHe5I2RI6F8XIUQng","최군TV funny","24","20.16.09","최군TV funny|쿤티비|최군|만만|이채이|꼰대즈|으른즈|만만 성대모사|BJ 성대모사|최군 만만|최군 이채이|최군 임아니|임아니","121855","1093","63","104","https://i.ytimg.com/vi/NRx69mwJ-tY/default.jpg","False","False"
"CWFn4aFvSO0","'이인영 장관의 카리스마'에 박진 의원 '당황'","2020-09-15T08:09:18Z","UCzQJmmpZjqzJe96CwlrwlHQ","시사타파TV","25","20.16.09","[none]","82690","7054","90","793","https://i.ytimg.com/vi/CWFn4aFvSO0/default.jpg","False","False"
"7Tj450Lf9bY","너무 잘 만들어서 3300년 전으로 돌아간 것 같다고 극찬이 터져나온 영화","2020-09-12T01:00:39Z","UCLIgl1OnHngMxYkkNJ-uO5w","UTZI웃지","1","20.16.09","영화|영화소개|영화리뷰|영화추천|엑소더스|출애굽기|모세|파라오|람세스|이집트|히타이트","772635","10832","4797","4692","https://i.ytimg.com/vi/7Tj450Lf9bY/default.jpg","False","False"
"-AazZTLQa3o","[일본반응]방탄소년단(BTS), 일본방송 첫 Dynamite 무대! BTS 무대를 처음 접한 일본인들 반응 BTS 바로 뒤에 쟈니스 나오게 하지마","2020-09-12T21:40:51Z","UCNsf6ZhF7SE40mumCawVwWQ","염탐꾼","24","20.16.09","다이너마이트|Music Day","420821","5146","282","983","https://i.ytimg.com/vi/-AazZTLQa3o/default.jpg","False","False"
"x4eHK6KWobA","LG Wing Unboxing - This Thing is WILD","2020-09-14T14:33:21Z","UCsTcErHg8oDvUnTzoqsYeNw","Unbox Therapy","28","20.16.09","unbox therapy|unboxtherapy|tech|technology|gadgets|gadget|unboxing|review|unbox|therapy|new|youtube|lg wing|lg wing unboxing|lg|wing|smartphone|smartphones|2020","5687686","131925","4619","19831","https://i.ytimg.com/vi/x4eHK6KWobA/default.jpg","False","False"
"NYB6hPraGA0","미국 언론들의 극찬! 류현진의 엄청난 또 다른 능력에 감탄해버린 이유! 토론토감독 “등판은 류현진 마음대로!” 류현진이 한 놀라운 말은?","2020-09-15T10:37:08Z","UCmGLKQgLtGhH4goyguKCFWA","흰수염고래스포츠","17","20.16.09","류현진 4승|류현진 에이스|류현진 인터뷰|토론토 포스트시즌|류현진 해외반응|류현진 연봉|류현진 뉴욕|류현진 평균자책점|류현진 사이영상|토론토 월드시리즈","177005","2654","76","76","https://i.ytimg.com/vi/NYB6hPraGA0/default.jpg","False","False"
"fTFA7eKB75M","[메이플] 상식에 사로잡히지 않는 호영","2020-09-15T09:00:26Z","UCaaZFxjlHI3T_I-uFbldIGA","소맥거핀","20","20.16.09","메이플|메이플스토리|메이플만화|게임만화|병맛|웃긴|만화|루시드냥|소맥거핀|애니메이션|게임애니메이션|maplestory|웃긴만화|병맛만화|윌|호영|카링|아잉눈|아잉|혐잉|국밥충|짱구|불고기로드","252152","6138","61","3215","https://i.ytimg.com/vi/fTFA7eKB75M/default.jpg","False","False"
"6zhWUACFFRc","애플시리 vs 삼성빅스비","2020-09-16T06:22:36Z","UCRwMczVQ8Jr8_8Dd8o7hPnQ","보물창고","20","20.16.09","보물창고|보창|애플시리|보창 애플시리|보물창고 애플시리|삼성빅스비|애플시리 사건|애플시리 후원|애플시리 3000만원|애플시리 근황|애플시리 기출변형|웃음참기|보창 웃음참기|보물창고 웃음참기|보창 웃긴|보창 웃겨라|보물창고 웃긴|보물창고 웃겨라|웃겨라","80665","1910","32","313","https://i.ytimg.com/vi/6zhWUACFFRc/default.jpg","False","False"
"A6YVgm_T9xg","이제 신인왕 보인다!! 13일 만에 돌아와 최고의 호투 펼친 KK 김광현!! 7이닝 6K 무실점 하이라이트","2020-09-15T09:00:01Z","UCYRrUD5v5j_Ei8sKOo7mhoQ","엠빅뉴스","25","20.16.09","김광현|KK|MLB|메이저리그|호투|신인왕|슬라이더|신장경색|린드블럼|하이라이트","718425","4698","138","1632","https://i.ytimg.com/vi/A6YVgm_T9xg/default.jpg","False","False"
"YjMreYOkjFc","[병맛노래] 당신의 아침을 깨우는 알람 송","2020-09-12T03:00:09Z","UCWhiqHa4dVohOTSUQwK-l2g","빨간내복야코","24","20.16.09","#병맛노래|#병맛송|#웃긴노래","774275","13335","368","3721","https://i.ytimg.com/vi/YjMreYOkjFc/default.jpg","False","False"
"K0oSaCS0_98","ASTRO 아스트로 문빈&산하 - Bad Idea M/V","2020-09-14T09:00:06Z","UCZqY2yIsAM9wh3vvMwKd27g","ASTRO 아스트로","10","20.16.09","ASTRO|아스트로|판타지오뮤직|판타지오|fantagio|fantagioMusic|ASTROPLAY|아스트로플레이|차은우|문빈|진진|엠제이|윤산하|라키|ChaEunWoo|MoonBin|JINJIN|MJ|YoonSanHa|ROCKY|또까|DDOCA|Highlight Medley|하라메|하이라이트메들리|IN-OUT|IN|OUT|Eyez On U|Bad Idea|섬(Alone)|All I Wanna Do|Dream Catcher|문빈&산하|문빈&산하(ASTRO)|MOONBIN&SANHA(ASTRO)|TEASER|티저|뮤비티저|MV TEASER","1728996","238919","765","27660","https://i.ytimg.com/vi/K0oSaCS0_98/default.jpg","False","False"
"dlMu6lF94LQ","과제 218만 축하 영상","2020-09-13T15:28:49Z","UCSR09bpjHonRntnam2Y9edw","잼일","22","20.16.09","[none]","200554","2747","74","552","https://i.ytimg.com/vi/dlMu6lF94LQ/default.jpg","False","False"
"Cnvpg_jnX6Y","그래서 아이폰 12는요? 2020 애플 이벤트 신제품 요약정리🍎 [애플워치6, 애플워치SE, 아이패드 8세대, 아이패드 에어 4세대]","2020-09-16T03:01:57Z","UCSLbd-2R06iv0VtChxERhDA","IT's okay 잇츠 오케이","28","20.16.09","잇츠오케이|이츠오케이|IT 덕후|IT 리뷰|테크 리뷰|개봉기|언박싱|unboxing|권민성|2020 애플 이벤트|애플 이벤트|2020 애플 이벤트 요약|애플 키노트|2020 애플 키노트|애플 신제품|2020 애플 신제품|애플워치6|애플워치SE|아이패드 8세대|아이패드 에어 4세대|아이패드8|아이패드 에어4|아이폰12|2020 애플 신상|애플 스페셜 이벤트|애플 스페셜 이벤트 2020","22318","626","26","216","https://i.ytimg.com/vi/Cnvpg_jnX6Y/default.jpg","False","False"
"KHKERIgnVEk","9/15(화) - 일반사병 누구나 전화로 휴가 연장 가능(김종민) / 미국이 허락해야 한국이 존재? 트럼프 《격노》(김준형) / 안산시민 항의전화 3600통, 왜?(윤화섭 시장)","2020-09-15T00:01:49Z","UC4Aa3OPkMenwTANpf0oWVRQ","CBS 김현정의 뉴스쇼","25","20.16.09","김현정|뉴스쇼|추미애 아들|김종민 최고위원|윤미향 기소|조두순 출소|밥 우드워드|트럼프 격노|김준형 원장|디지털교도소","71554","1527","148","257","https://i.ytimg.com/vi/KHKERIgnVEk/default.jpg","False","False"
"exfMrOU5kzQ","언제 연락주세요?( •́ ̯•̀ )내가 뭘 잘못 했어? (질척) ※환불원정대 매니저 후보※ 결과는? | 놀면뭐하니? | #TVPP","2020-09-14T07:27:28Z","UC1cWTErb7vw_UmmuB0dYgsQ","TV-People","24","20.16.09","MBC|people|TVPP|지미유","134467","1124","40","296","https://i.ytimg.com/vi/exfMrOU5kzQ/default.jpg","False","False"
"-EeVWJFpNrs","MLB 신인왕을 부르는 완벽투! KK김광현 복귀전 해외코멘터리 Ver.","2020-09-15T10:34:46Z","UCArK9MK34LsQzPJrl5TZmYA","MBC스포츠탐험대","17","20.16.09","메이저리그|김광현|류현진|김광현 복귀전|세인트루이스|MLB|해외|코멘터리","446029","4150","119","561","https://i.ytimg.com/vi/-EeVWJFpNrs/default.jpg","False","False"
"MBV4O9FVzMs","정권 친위대로 전락한 권익위 [2020년 09월 16일 수요일 생방송]","2020-09-16T01:18:34Z","UCM8BcGB6BWKq3utIMhGKnUA","고성국TV","25","20.16.09","[none]","31663","6664","95","29","https://i.ytimg.com/vi/MBV4O9FVzMs/default.jpg","False","False"
"a-5DdUXaxWY","[현지반응] '손흥민 NO자막' 토트넘 다큐, 왜 요리스 말만 번역해? (자막 차별 논란)","2020-09-12T08:57:03Z","UCmKTwXS5wC4Ww4X6PyXjMYg","서형욱의 뽈리TV","17","20.16.09","손흥민|요리스|토트넘 다큐|아마존|아마존 다큐|아마존 자막|아마존 번역|오리에|에버턴전","1867113","9712","456","3051","https://i.ytimg.com/vi/a-5DdUXaxWY/default.jpg","False","False"
"QxS8x7589Xs","[컬투쇼] 숲의 아이 (Bon voyage) - 유아(YooA) LIVE","2020-09-14T05:18:50Z","UCAmff0euQRf6RwVlbB8PLMw","SBS Radio 에라오","10","20.16.09","sbs라디오|에라오|라디오|보는라디오","225800","0","0","789","https://i.ytimg.com/vi/QxS8x7589Xs/default.jpg","False","True"
"cWhmZ6a2io8","[#족집게_낭닥] 음주운전으로 인한 6중 추돌 사고 | 낭만닥터 김사부 (Dr. Romantic)ㅣSBS DRAMA","2020-09-11T02:00:03Z","UC6erIDuvbOaAO-OT5rB2Xew","SBS Drama","24","20.16.09","서현진|낭만닥터김사부|낭만닥터김사부2|서현진낭닥|한석규|한석규낭닥|유연석|유연석낭닥|유연석슬의생|슬의생|안효섭|안효섭낭닥|차은재|이성경|이성경낭닥|이성경의학드라마|의학드라마|닥터스|낭닥레전드|낭닥다시보기|낭닥정주행|Dr. Romantic|k-drama|Han Seok-Gyu|유연석강철비|유연석정우성|김민재박은빈|유연석서현진|이성경안효섭|Yoo Yeon-Seok|柳演錫|徐玄振|Seo Hyun-Jin|Ahn Hyoseop|安孝燮|Lee Sung-kyung|李聖經|김민재|브람스|김민재브람스|진경|수쌤|음주운전|음주운전처벌|술먹고운전|낭닥음주운전|6중추돌사고","879389","12174","267","2062","https://i.ytimg.com/vi/cWhmZ6a2io8/default.jpg","False","False"
"uyjcUBJ7MEA","[EN] 가짜사나이 이근대위 쇼터뷰 놀러왔어? 머리부터 발끝까지 이근 파헤치기 《제시의 쇼!터뷰》 EP.14 by 모비딕 Mobidic","2020-09-10T09:30:12Z","UCbCr1dWFedL5lMcRWthb_bA","모비딕 Mobidic","24","20.16.09","모비딕|SBS|mobidic|제시|JESSI|스브스|토크|토크쇼|프롤로그|제시의쇼터뷰|쇼터뷰|숏터뷰|양세형의숏터뷰|mc|엠씨|양세형|제시발쇼|제시쇼|래퍼|언프리티랩스타|언니쓰|쎈언니|제시카|호현주|맞지|피네이션|PNATION|PSY|후댓비|제시 런닝맨|제시 인생은즐거워|제시 유재석|제시 조정식|굿걸|엠넷 제시|디스전|여자래퍼|웹예능|악인전|제시 송가인|제시 김요한|식스센스|놀면뭐하니|제시 악인전|젝시믹스|인생은즐거워|이효리|제시 이효리|Jessi show|showterview|who dat b|힙합|교포|이근대위|피지컬갤러리|유튜버|헬스|운동|유연성테스트|PT|조정식|아나운서|유연성|푸시업|팔굽혀펴기|가짜사나이|진짜사나이|호신술|요리|로망|셰프|레시피|스테이크|이근|이상형|배수지|신세경|군인|군사학교|뉴욕|버지니아|군사대학교|이민|군대|장교|입대|조국|국군|구독자|선물|이벤트|집사부일체|두니아|이근대위 유행어|ken rhee|UDT|이던","2465549","0","0","12410","https://i.ytimg.com/vi/uyjcUBJ7MEA/default.jpg","False","True"
"aty6bAzcL4g","(ENG)✨방송 최초✨ JYP 형과 부부동반 모임 썰, 남친짤 그리고 깡... 형 잠깐 내려봐🚘","2020-09-10T11:00:01Z","UCZf4ZESHAIuRtZ-eoMSL97A","시즌비시즌 Season B Season","24","20.16.09","시즌비시즌|시즌 비시즌|비 유튜브|비 채널|가수 비|김태희 비|김태희|jyp|박진영|비 박진영|비 jyp|rain jyp|박진영 남친짤|박진영 선미|박진영 we disco|박진영 when we disco|비 히든싱어|싹쓰리|싹스리|놀면뭐하니|스튜디오 룰루랄라|룰루랄라 비|비 깡|gang|차에 타봐|깡|깡 댓글|태양을 피하고 싶어서","3721480","75013","1290","6736","https://i.ytimg.com/vi/aty6bAzcL4g/default.jpg","False","False"
"z8uphfjos4o","[2020 LPGA] 이미림 메이저 첫 우승 ! FR라운드 하이라이트 ♬ | ANA 인스퍼레이션","2020-09-14T00:34:39Z","UChJ1aZwVkgWAUZqYGYDOWgg","JTBC GOLF","17","20.16.09","GOLF|GOLF LESSON|골프|골프레슨|우드샷|드라이버|스윙|티샷|김형태|장재식|고경민|신준|비거리|장타|골짤강|라이브레슨|퍼팅|퍼터|백스윙|jtbc골프|jtbcgolf|레슨|느낌|backswing|swing|송경서|장새별|newstar|하체|코킹|손목|테이크백|헤드|오버스윙|왼팔|오른팔|밴드|중심축|머리|턴|백스윙탑|하프스윙|레깅|박인비|전인지|이미향|이민지|리디아고|렉시톰슨|다니엘강|LPGA|여자골프|버디|파|하이라이트","82338","775","22","120","https://i.ytimg.com/vi/z8uphfjos4o/default.jpg","False","False"
"4PFCo5-mT_Y","45분 만에 탈압박&롱패스 스페셜 찍은 기성용 (ft.전직 프리미어리거 클래스)","2020-09-14T06:39:48Z","UC9pdRyCVY9foIQid-YDjm4Q","GOAL TV","17","20.16.09","GOAL TV|골티비|Goal.com|골닷컴|Goal Korea|골닷컴코리아|축구|해외축구|기성용|기성용 스페셜|토트넘|손흥민|이승우|이승우 데뷔골|코리안데이|이강인|이강인 볼터치|이강인 2도움|기성용 택배|기성용 볼터치|기성용 한혜진|기성용 국대|fc서울|수원삼성|슈퍼매치","471562","2170","102","981","https://i.ytimg.com/vi/4PFCo5-mT_Y/default.jpg","False","False"
"7QARR9gSC20","★전투기 시리즈 출격★ 공군 특수비행팀 블랙이글스 국제에어쇼 출격! | 전투기 밀착다큐 시리즈 2탄!","2020-09-15T12:00:13Z","UC4LW3sOslC14Vn5bcoNUBkg","KBS Documentary [KBS 다큐]","24","20.16.09","KBS|다큐멘터리|docu|documentary|다큐|전투기|F16|F14|톰캣|F35|랩터|T-50|KFX|차세대전투기|성일환|UDT|UDT/SEAL|이근대위|이근|가짜사나이|진짜사나이|특전사|CCT|SART|SSU|혹한기|훈련|동계훈련|특수부대|특공무술|한미연합훈련|군사|밀리터리|밀착다큐|작전","185812","2122","87","246","https://i.ytimg.com/vi/7QARR9gSC20/default.jpg","False","False"
"kfBHXC0-ON0","10월3일개천절집회 이렇게 기획!  20,09.16  [시사창고]","2020-09-16T00:22:46Z","UCMqadVMd0fFKchXVREIDWSA","황경구의 시사창고","25","20.16.09","[none]","20144","5083","42","253","https://i.ytimg.com/vi/kfBHXC0-ON0/default.jpg","False","False"
"8lr4RMtQUXc","[주식왕용느]힘들떄웃는자가!!미ㅊ놈이지그게...★당신의매수매도는어느누구도책임지지않습니다...","2020-09-15T06:33:31Z","UCbHN1sTuPySKpnqKSp0JHRQ","TV용느님","20","20.16.09","용느|주식|단타","101259","726","121","80","https://i.ytimg.com/vi/8lr4RMtQUXc/default.jpg","False","False"
"NAPVkBAoQT8","깊은 물에 빠뜨리는 척! 강아지 속이기ㅋㅋㅋ","2020-09-14T09:00:05Z","UC3PSZivQbIegrfavj4fmgQQ","[THE SOY]루퐁이네","15","20.16.09","ポメラニアン|博美犬|Pomeranian|강아지유튜버|강아지유튜브|더소이|포메|pom|퐁키|루디|강아지미용|포메미용|화이트포메|멍멍이|반려견|펫|PET|DOG|강아지애교|강아지훈련|개린이|웃긴강아지|포메리안|포메라이안|pomeranianpuppy|댕튜버|강아지목욕|씻을까|포메곰돌이컷|폼피츠|강아지짖는소리|포메라니안|포메라이언","509244","13614","208","911","https://i.ytimg.com/vi/NAPVkBAoQT8/default.jpg","False","False"
"WONmXKvzyhg","[주간 예능연구소] 환불원정대 엄정화🎵김종민 재회/나 혼자 산다 김영광🐶멍뭉미/유민상🍔살찌는 이유 | MBC 예능핫코너 TOP 3 모아보기 #111","2020-09-14T10:25:37Z","UCiBr0bK06imaMbLc8sAEz0A","MBCentertainment","24","20.16.09","환불원정대|엄정화|김종민|유재석|제시|유민상|동해|은혁|슈퍼주니어|규현|이효리|비|박나래|이시언|한혜진|나혼자산다|연예대상|김태호|무한도전|MBC|예능|놀면 뭐하니|전지적참견시점|이영자|전현무","1023886","6258","154","744","https://i.ytimg.com/vi/WONmXKvzyhg/default.jpg","False","False"
"qEJtE7WEtrg","YooA(유아), THE SHOW CHOICE! [THE SHOW 200915]","2020-09-15T10:27:23Z","UCoRXPcv8XK5fAplLbk9PTww","The K-POP","10","20.16.09","K-pop|Kpop|SBS|Korea|sbsmedianet|200915|THE SHOW|더쇼|더쇼라이브|더쇼초이스|THE SHOW CHOICE|YooA|유아|오마이걸","168925","14891","304","1604","https://i.ytimg.com/vi/qEJtE7WEtrg/default.jpg","False","False"
"FWP6I3TCMQk","전설의 비.어.캔.치.킨","2020-09-15T08:30:11Z","UCdfhK0yIMjmhcQ3gP-qpXRw","산적TV 밥굽남","22","20.16.09","비어캔치킨|이승기|이승기비어캔치킨|1박2일비어캔치킨|산적|밥굽남|육식수행|브리또|치킨브리또","276726","3784","136","404","https://i.ytimg.com/vi/FWP6I3TCMQk/default.jpg","False","False"
"qdvOYdSR5Ww","소득과 재산의 스노우볼, 가즈아~ (feat. 슈카 단타선수 시절)","2020-09-14T12:46:15Z","UCsJ6RuBiTVWRX156FVbeaGg","슈카월드","25","20.16.09","슈카|슈카월드|경제|시사|이슈|뉴스|상식|면접|논술|자소서|취업|주식|증시|주가|시장|자산|투자|금리","246646","6215","104","552","https://i.ytimg.com/vi/qdvOYdSR5Ww/default.jpg","False","False"
"kgEgOi32CE0","A pot of wine among watermelon fields.So…The life of watermelons and grapes?瓜间一壶酒，西瓜和葡萄的一生？丨Liziqi","2020-09-14T12:59:01Z","UCoC47do520os_4DBMEFGg4A","李子柒 Liziqi","26","20.16.09","liziqi|liziqi vlogger|中國美食|中華傳統文化|Chinese food|饮食文化|中国风|田园|美食|ly tu that|李子柒|lý tử thất","5341188","249364","4219","17361","https://i.ytimg.com/vi/kgEgOi32CE0/default.jpg","False","False"
"sXEZAClPn_0","짧게 라이브 ... ㅎ ...","2020-09-15T17:10:26Z","UCX4LFdCjFXMaCPbRH1omP6Q","최인호TV","25","20.16.09","[none]","17947","2125","43","23","https://i.ytimg.com/vi/sXEZAClPn_0/default.jpg","False","False"
"znJePrVRA60","[만만] 리니지M 방송 최초 막피퀸 강정은 출연! 막피는 과연 컨텐츠인가? 1부 (feat. 가오나시티)","2020-09-14T14:51:16Z","UCRY0vKmqFmQ4XCJomWMBf-w","만만","20","20.16.09","리니지M|리니지2M|전설도전|nc|nc소프트|택진이형|배틀그라운드|배그|입행검|강화|러시|영변|봉준|무엔터","236520","1661","232","537","https://i.ytimg.com/vi/znJePrVRA60/default.jpg","False","False"
"WrB5AVfBtA0","우리 과자를 훔쳐 먹는 아저씨! 사건파일173. 몰랐어요 | 코믹 공소시효 [밍꼬발랄]","2020-09-15T09:00:06Z","UCCJkwrmhIqWkSFV-sQol4Qw","밍꼬발랄Mingggo","23","20.16.09","밍꼬발랄|밍꼬|꼬밍|발랄|모아보기|이어보기|정주행|꿀잼|꿀팁|공소시효|노래공소시효|공감|소통|댓글요청|사건파일|사건|사연|재연|연기|현장|썰풀기|썰|에피소드|이야기|공포|코믹|되감기|사이다|공감이야기|재밌는이야기|웃긴이야기|무서운이야기|황당한이야기|오싹한이야기|mingggo|story|episode|acting|interesting_story|funny_story|interesting_episode|funny_episode|共感|类型|学校共感|学生共感|友達共感|Đồngcảm|kiểu|Đồngcảm_theoloại|Đồngcảm_của_trường|Đồngcảm_của_học_sinh|투니버스|투니버스밍꼬발랄|코믹공소시효|몰랐어요|니가거기서왜나와","360726","11411","242","4213","https://i.ytimg.com/vi/WrB5AVfBtA0/default.jpg","False","False"
"3snLjDyZhtw","제72주년 국군의 날 챌린지 '마음까지 따뜻하게 안부를 전하세요' | 대한민국 국방부 X 스파오","2020-09-14T00:19:06Z","UCoreZRRtVpu521wZNJWfUqQ","국방부 - ROK Ministry of National Defense","25","20.16.09","대한민국|국방부|국군|육군|해군|공군|해병대|korea|mnd|military|defense|army|navy|airforce|marine|국방|안보|대비태세|국방개혁|육성재|챌린지","70827","7215","37","659","https://i.ytimg.com/vi/3snLjDyZhtw/default.jpg","False","False"
"0snNG96sJV0","秋 전 보좌관 “추미애 아들 부탁받고 부대에 전화” | 뉴스A 라이브","2020-09-15T07:24:27Z","UCfq4V1DAuaojnr2ryvWNysw","채널A 뉴스","25","20.16.09","채널 A","249636","5729","505","1427","https://i.ytimg.com/vi/0snNG96sJV0/default.jpg","False","False"
"nAz_kkffDzc","Stray Kids Back Door M/V Reaction","2020-09-15T10:59:56Z","UC9rMiEjNaCSsebs31MRDCRA","Stray Kids","22","20.16.09","Stray Kids|스트레이 키즈|SKZ|스키즈|방찬|BANG CHAN|리노|이민호|LEE KNOW|MINHO|LEEMINHO|창빈|서창빈|CHANGBIN|SEOCHANGBIN|현진|황현진|HYUNJIN|HWANGHYUNJIN|한|지성|한지성|HAN|HANJISUNG|필릭스|FELIX|승민|김승민|SEUNGMIN|KIMSEUNGMIN|아이엔|양정인|정인|I.N|YANGJEONGIN|JEONGIN|백도어|back door|in life|stray kids back door|스트레이 키즈 백도어|스트레이 키즈 back door|백도어 뮤비 리액션|mv reaction|뮤비 리액션|back door 뮤비 리액션|스트레이 키즈 뮤비 리액션|skz mv reaction|백도어 뮤비|back door mv|백도어 뮤직비디오|back door music video|스키즈 백도어|리액션 비디오|reaction video","841431","201154","301","10407","https://i.ytimg.com/vi/nAz_kkffDzc/default.jpg","False","False"
"7l56q7TmjVc","[20/21 PL 1R] 브라이튼 vs 첼시 H/L","2020-09-14T21:56:28Z","UCtm_QoN2SIxwCE-59shX7Qg","SPOTV","17","20.16.09","SPOTV|스포티비|브라이튼|첼시|베르너|하베르츠|조르지뉴|프리미어리그|지루|오도이|풀리식","716156","5269","167","2647","https://i.ytimg.com/vi/7l56q7TmjVc/default.jpg","False","False"
"tEqTwDqtTKk","한국 생태계를 파괴한 황소개구리를 퇴치한 토종 포식자 물장군 치명적인 독사와 괴물 왕지네를 씹어먹어버리는 최강의 곤충","2020-09-12T14:10:48Z","UCC7bElwd29qpkgLo0j3l3Qw","문화돋보기","15","20.16.09","물장군|최강의곤충|물장군황소개구리|물장군사냥|물장군다큐멘터리|외래종퇴치|물장군뱀|곤충다큐멘터리","375835","4472","286","294","https://i.ytimg.com/vi/tEqTwDqtTKk/default.jpg","False","False"
"6s4RK8oCS4Y","2020 서울 아파트 시장 큰일 났다.","2020-09-15T23:56:56Z","UCj2gpUrZ7LMp4Mp1pVMKz0g","도봉박홍기","25","20.16.09","서울 매매가격 하락|주택","27202","2399","169","40","https://i.ytimg.com/vi/6s4RK8oCS4Y/default.jpg","False","False"
"M7YGOOIjZDA","[환불원정대 선공개 - 선불원정대] 환불원정대 in 만옥하우스🏘❣ (Hangout with Yoo - Refund Sisters)","2020-09-12T01:32:59Z","UCx6jsZ02B4K3SECUrkgPyzg","놀면 뭐하니?","24","20.16.09","유재석|김태호|무한도전|유플래시|유산슬|뽕포유|라섹|유르페우스|놀면 뭐하니|놀뭐|무도","1727388","18111","340","1389","https://i.ytimg.com/vi/M7YGOOIjZDA/default.jpg","False","False"
"w7x1DvXOdH0","큰일 났다. 서울 2020 주택시장","2020-09-15T14:54:25Z","UCj2gpUrZ7LMp4Mp1pVMKz0g","도봉박홍기","25","20.16.09","[none]","34510","2709","168","31","https://i.ytimg.com/vi/w7x1DvXOdH0/default.jpg","False","False"
"tAcJmJGA5ps","[리뷰] 손흥민과 요리스 싸움, 그게 전부가 아니었다 (토트넘 다큐 마지막회)","2020-09-11T09:01:53Z","UCmKTwXS5wC4Ww4X6PyXjMYg","서형욱의 뽈리TV","17","20.16.09","손흥민|토트넘다큐|토트넘|allornothing|무리뉴|손흥민다큐|요리스|에릭다이어|델레알리","1214081","7173","559","3071","https://i.ytimg.com/vi/tAcJmJGA5ps/default.jpg","False","False"
"tqB9k3py_sU","[BANGTAN BOMB] 'Dynamite' MV (B-Side) Reaction - BTS (방탄소년단)","2020-09-13T10:00:01Z","UCLkAepWjdylmXSltofFvsYQ","BANGTANTV","10","20.16.09","방탄소년단|BTS|BANGTAN|HIPHOP|알엠|RM|슈가|SUGA|제이홉|jhope|지민|JIMIN|뷔|정국|JUNGKOOK|진|JIN","6132578","1212426","3781","44288","https://i.ytimg.com/vi/tqB9k3py_sU/default.jpg","False","False"
"fXeKQ_yrKgI","레진공예! 어몽어스 유령 만들기","2020-09-14T10:10:38Z","UCsaQlcW1DX-UYpozEwBUDzQ","달려라치킨 Dalchi","26","20.16.09","미니어쳐|miniature|폴리머클레이|polymer clay|miniaturefood|fimo|dollhouse|달려라치킨|dalchi|어몽어스|레진공예|유령|캐릭터만들기","235992","6735","87","918","https://i.ytimg.com/vi/fXeKQ_yrKgI/default.jpg","False","False"
"MgPBiIswUQE","[2020 LPGA] 기적의 칩인 이글 ! 이미림 하이라이트 ♬ | ANA 인스퍼레이션","2020-09-14T02:37:55Z","UChJ1aZwVkgWAUZqYGYDOWgg","JTBC GOLF","17","20.16.09","GOLF|GOLF LESSON|골프|골프레슨|우드샷|드라이버|스윙|티샷|김형태|장재식|고경민|신준|비거리|장타|골짤강|라이브레슨|퍼팅|퍼터|백스윙|jtbc골프|jtbcgolf|레슨|느낌|backswing|swing|송경서|장새별|newstar|하체|코킹|손목|테이크백|헤드|오버스윙|왼팔|오른팔|밴드|중심축|머리|턴|백스윙탑|하프스윙|레깅|박인비|전인지|이미향|이민지|리디아고|렉시톰슨|다니엘강|LPGA|여자골프|버디|파|하이라이트","38989","250","11","22","https://i.ytimg.com/vi/MgPBiIswUQE/default.jpg","False","False"
"71pI-Gkvrqo","[ENG] 블루와 나플라의 학창시절 첫사랑은?🤭 | 블루(BLOO), 나플라(nafla) - 내 탓 (Nae tat) M/V 비하인드","2020-09-14T09:00:01Z","UCjRS-SUfmPHelbp2cARJ0bQ","메킷원 MKIT WON","24","20.16.09","나플라|nafla|루피|loopy|loopy&nafla|나플라루피|오왼|owenovadoz|wu|나플라wu|메킷레인|메킷원|창업|장사|bloo|블루|루플라|쇼미더머니|mkitrain|smtm|loofla|MKITRAIN RECORDS|Owen|Owen Ovadoz|BLOO|Young West|niahn|Loopy&nafla|neonblue|hiphop|Hip-hop|Khiphop|rap|Show me the money|SMTM|오왼오바도즈|영웨스트|니안|루피&나플라|네온블루|힙합|코리안힙합|한국힙합|국내힙합|해외힙합|국힙|외힙|레이블|블루 & 나플라|블루 나플라|BLOO & nafla|내탓|내 탓|Naetat|nae tat|NAE TAT|Big Banana|빅바나나|싱글앨범|싱글|Single Album|Single","92432","3904","9","460","https://i.ytimg.com/vi/71pI-Gkvrqo/default.jpg","False","False"
"_4B3xQwKG3o","[원피스 분석] 조로는 카이도와의 전투에서 각성한다! 조로의 각성은?","2020-09-13T14:06:23Z","UCzK9qn0B4B-yL0uEzjxTp_w","TV랜덤","1","20.16.09","원피스|루피|조로|상디|카이도우|조로 각성|오뎅|와노쿠니|드레이크|킹|퀸|프랑키|미호크|엔마","142346","1177","86","583","https://i.ytimg.com/vi/_4B3xQwKG3o/default.jpg","False","False"
"0rahs4qBmzc","[브람스를 좋아하세요?] ❗최초공개❗ 7화 예고 ＂ 아니잖아, 빨리 아니라고 말해!!!＂ /'Do You Like Brahms?' Preview | SBS NOW","2020-09-15T14:02:32Z","UCcOYEm78CpaZQvPE6LtoSeA","SBS NOW / SBS 공식 채널","24","20.16.09","SBS Entertainment|SBS|스브스|SBS DRAMA|브람스를좋아하세요|브람스|김민재|박은빈|김성철|박지현|이유진|배다빈|예수정|김종태|서정연|최대훈|양조아|안상은|이지원|길해연|백지원|주석태|김학선|김선화|김정영|고소현|KimMinJae|ParkEunBin|DoYouLikeBrahms|월화드라마|새드라마|월화|낭만닥터김사부|김사부2|꽃파당|스토브리그|브람스 7화 예고|사각관계|커플","197133","3584","19","760","https://i.ytimg.com/vi/0rahs4qBmzc/default.jpg","False","False"
"dKwhODLUbmA","[20/21 라리가] 1R 발렌시아 vs 레반테 H/L","2020-09-13T21:27:43Z","UCtm_QoN2SIxwCE-59shX7Qg","SPOTV","17","20.16.09","SPOTV|스포티비","494000","4553","107","1450","https://i.ytimg.com/vi/dKwhODLUbmA/default.jpg","False","False"
"0HQyYfbcykU","시작하자마자 10번연속 터졌다ㅋㅋㅋ보창&닥터준을 웃겨라 레전드","2020-09-12T00:33:21Z","UCRwMczVQ8Jr8_8Dd8o7hPnQ","보물창고","20","20.16.09","보창|보물창고|웃겨라|웃음참기|보물창고 웃겨라|보창 웃겨라|보물창고 웃음참기|보창 웃음참기|보창 닥터준|보창 웃긴|보물창고 웃긴|보물창고 닥터준|보창 원정상|보물창고 원정상","360369","7598","359","804","https://i.ytimg.com/vi/0HQyYfbcykU/default.jpg","False","False"
"y26fXp1de5I","(사이다 영상툰) 택배기사를 알바생👅으로 착각한 사장의 최후🔥│썰툰│사이다툰","2020-09-14T09:00:11Z","UCFITKqW12636TGi-BfQzVaA","오카 영상툰","1","20.16.09","택배기사|택배업|택배업무|택배|택배기사월급|택배기사썰|택배기사 진상|택배 진상|택배 진상 손님|택배기사 알바|택배기사 알바생|사이다썰|사이다툰|사이다 영상툰","45562","1239","22","185","https://i.ytimg.com/vi/y26fXp1de5I/default.jpg","False","False"
"xoekkIQk8uI","🇺🇸🇮🇩SUB][PRANK] TV속 남자랑 싸우다가 머리채까지 잡히는 현장을 본다면?!!ㅋㅋㅋㅋ옆테이블 웃느라 고기를 못먹네ㅋㅋㅋㅋㅋㅋ - [동네놈들｜HOODBOYZ]","2020-09-13T11:30:03Z","UCIuFnJrRwHEUcIVtozJnUGA","동네놈들","23","20.16.09","관찰|관찰카메라|실험|실험카메라|prank|prankcam|prankcamera|prankgag|prankgags|gag|gags|comic|comedy|개그|개그맨|코믹|코미디|hidden|히든|역대급|레전드|리액션|레게노|개그우먼|동네놈들|지노송이커플|더블비|보물섬|엔조이커플|eng|engsub|TV|LIVE|웃긴영상|재밌는영상|funny|fun|funvideo|웃긴영상레전드|fungag|방송사고|KOREAPRANK|JOKE|장난|뉴스|news|weather|HOODBOYZ|싸움|FRANK|FRANKCAM|FRANKCOM|FRANKVIDEO|KOREAFRANK|quiz|quizshow|퀴즈|퀴즈쇼|유퀴즈온더블럭","239158","7798","203","568","https://i.ytimg.com/vi/xoekkIQk8uI/default.jpg","False","False"
"XwdLGi4R4Rw","[M토피아] SuperM 취향저격 💯 첫 여행 리얼리티 ' M토피아 ‘ 사전 인터뷰📹","2020-09-16T02:00:06Z","UCj28FvPyq8pBOM-fSH-M_uQ","SM C&C STUDIO A","24","20.16.09","SUPERM|100|M토피아|KPOP|SM|EXO|NCT|SHINEE|JOPPING|WAYV|SMC&C|엑소|엔씨티|샤이니|웨이브이|슈퍼엠|Mtopia|백현|태민|카이|태용|마크|루카스|텐|엠토피아|슈퍼엠예능|아이돌예능|여행예능|힐링예능|리얼리티예능|아이돌|여행|힐링|리얼리티|캠핑|캠핑예능|호랑이|tiger inside","139386","25441","59","1128","https://i.ytimg.com/vi/XwdLGi4R4Rw/default.jpg","False","False"
"jTUHnaWcLYs","[핫스팟 생중계] 사실상 '추미애 청문회', 국회 대정부질문 감상평-김진애 열린민주당 원내대표 / 서욱 국방부장관 후보자 인사청문회","2020-09-16T04:13:24Z","UClAfLVQYZSLrMAQQ_SXPVZw","OhmynewsTV","25","20.16.09","박정호|핫스팟|김진애|추미애|조수진","63451","3042","127","37","https://i.ytimg.com/vi/jTUHnaWcLYs/default.jpg","False","False"
"2hxs5jchRVs","실시간으로 타락 중인 헬스 트레이너 근황 인터뷰. 치즈볼 먹고 눈물흘린 이유 / 스브스뉴스","2020-09-12T01:45:01Z","UCQabORQKQRHP-iUqe-xIFvg","스브스뉴스 SUBUSU NEWS","25","20.16.09","스브스뉴스|코로나19|코로나바이러스|코로나조심|거리두기3단계|거리두기강화|헬스의정석|헬스빌리지|헬스브이로그|헬스장환불|헬스pt|운동브이로그|건강강의|치즈볼|치즈볼먹방|먹방로그|먹방브이로그|먹방리뷰|음식리뷰|음식문화|먹바이벌|먹방도전|먹방의 신|타락 헬스|bj치즈볼|타락헬창|핏블리","1554419","17865","332","2110","https://i.ytimg.com/vi/2hxs5jchRVs/default.jpg","False","False"
"-PMVYa87Ftg","[ENG] [풀영상] KBS 뉴스9 방탄소년단(BTS) 인터뷰[ENG]｜크랩","2020-09-10T14:31:45Z","UCoxT1kQSLq564FwpK473w-g","크랩 KLAB","25","20.16.09","크랩|방탄소년단|방탄소년단 kbs|bts kbs|kbs bts interview|방탄소년단 kbs 인터뷰|방탄소년단 뉴스9|방탄소년단 인터뷰|방탄소년단 9시 뉴스|방탄소년단 빌보드|bts billboard interview","1000844","58390","470","4535","https://i.ytimg.com/vi/-PMVYa87Ftg/default.jpg","False","False"
"7Pqq039yVEY","내 영혼 치유하소서 이제 주만 찬양합니다 Heal my soul, now only you praise","2020-09-13T22:00:02Z","UCI8vZWRSzUmJAMveJTxOo9g","Beecompany비컴퍼니","10","20.16.09","ccm 듣기|찬양|워쉽|씨씨엠|worship|무료|듣기|비컴퍼니|예배|best|praise|band|복음|성가|틀어줘|은혜|연속|모음|메들리|찬가|아름다운|들려줘|실시간|2시|노래방|어린이|말씀송|톡톡쏙쏙|성령|임재|마음|영혼|감사|치유|회복|기쁨|평화|보혈|소망|광야|생명|인도하심|승리|구원|연속듣기|Longplay CCM|Hymns korean","67982","1213","54","80","https://i.ytimg.com/vi/7Pqq039yVEY/default.jpg","False","False"
"inf2QMgXETo","[풀영상] 생방송 심야토론 0912-추미애 장관 논란, 어떻게 볼 것인가?","2020-09-13T10:23:49Z","UC8gCJEe6FFHdhZyul6zLeMQ","생방송심야토론","25","20.16.09","생방송심야토론|KBS|심야토론|KBS시사|정관용|이슈|시사","62099","654","92","1682","https://i.ytimg.com/vi/inf2QMgXETo/default.jpg","False","False"
"cS-ofVbUH3I","[Eng] 90's 하이틴 여주 되어보기 메이크업💞 l 이사배(RISABAE Makeup)","2020-09-15T10:33:43Z","UC9kmlDcqksaOnCkC_qzGacA","RISABAE","26","20.16.09","이사배|이사배메이크업|RISABAE|RISABAEART|TUTORIAL|분장|SPECIALMAKEUP|ART|백투베이직|메이크업아티스트|하이틴 메이크업|highteen makeup|이사배 하이틴|이사배 레트로 메이크업|retro makeup|k beauty|risabae highteen makeup|하이틴st 메이크업|핑크 메이크업|pink makeup|이사배 레트로|이사배 핑크 메이크업|risabae pink makeup|90년대 메이크업|하이틴 주인공 메이크업|highteen style makeup|highteen style|90's highteen makeup|90s style makeup","84610","2786","28","325","https://i.ytimg.com/vi/cS-ofVbUH3I/default.jpg","False","False"
"gRdQ9ffnkN8","[미운 우리 새끼] '진짜로 근육인들은 팔하트가 안 되나요?' 박준형x김계란x김종국 헬스인들의 만남 / 'My Little Old Boy' Special | SBS NOW","2020-09-11T09:00:10Z","UCcOYEm78CpaZQvPE6LtoSeA","SBS NOW / SBS 공식 채널","24","20.16.09","SBS Entertainment|카오|아몬드|카카오|강아지|포메|비숑|예고|미운 우리 새끼|신동엽|서장훈|이상민|김종국|홍진영|엄마|어머니|미우새|홍선영|홍자매|Shin dong yup|Seo jang hoon|Kim gun mo|Lee Sang min|Park soo hong|Tony an|Kim jong kook|Hong jin young|Hong sun young|Hong sisters|Preview|김희철|Kim Huicheol|운동|운동브이로그|운동법|헬스|헬스장","1914852","16765","316","2939","https://i.ytimg.com/vi/gRdQ9ffnkN8/default.jpg","False","False"
"yPZiOnjf3OU","Son Feels the Fury of Lloris at Half-Time for not Tracking Back! | All or Nothing: Tottenham Hotspur","2020-09-11T14:00:13Z","UC1VU-FHvhbom5tPSCEB-e4g","Amazon Prime Video Sport","17","20.16.09","Son Lloris Agument|son lloris fight|Son|lloris|tottenham hotspur|All or nothing tottenham hotspur|all or nothing spurs|all or nothing|spurs|tottenham hotspur documentary|amazon prime|prime video sport|prime video|premier league|jose mourinho|aurier","3150056","45541","17951","11976","https://i.ytimg.com/vi/yPZiOnjf3OU/default.jpg","False","False"
"YEhdkyvr7TQ","[20/21 PL 1R] 토트넘 vs 에버튼 H/L","2020-09-13T17:50:18Z","UCtm_QoN2SIxwCE-59shX7Qg","SPOTV","17","20.16.09","SPOTV|스포티비","836743","5319","334","4656","https://i.ytimg.com/vi/YEhdkyvr7TQ/default.jpg","False","False"
"ilEmoHCY_GM","9.16 김재련 변호사의 대실수.. SNS에 추미애 장관 관련 당직병 쉴드 / 고발뉴스 뉴스비평 233회","2020-09-16T09:26:47Z","UCX7-K_PSdtAiUDLEMQwrRoQ","고발뉴스TV","25","20.16.09","이상호|박지희|고발뉴스|Gobalnews|뉴스비평|다이빙벨|DivingBell|대통령의7시간|영화|이상호감독|다큐멘터리|세월호|검찰개혁|언론개혁|생중계|리포트|7시간|세월호7시간|뉴스검색|가짜뉴스단속반|웃기는뉴스","125567","14214","171","122","https://i.ytimg.com/vi/ilEmoHCY_GM/default.jpg","False","False"
"ck60xub3DWM","TAEMIN 태민 'Criminal' @TAEMIN THE STAGE","2020-09-12T11:00:09Z","UCyPwRgc3gQGqhk6RoGS50Ug","SHINee","22","20.16.09","[none]","619411","84238","134","6048","https://i.ytimg.com/vi/ck60xub3DWM/default.jpg","False","False"
"eaA3MKowA38","⚠손흥민 VS 요리스 뒷장면 다큐 본 병지옹 반응?! 같은 골키퍼로서...","2020-09-13T05:18:46Z","UCKgYRjFGgvj7aS8y4EhH2CA","꽁병지tv","17","20.16.09","[none]","229342","2977","88","664","https://i.ytimg.com/vi/eaA3MKowA38/default.jpg","False","False"
"EXOlG01E1gU","가지볶음","2020-09-12T17:07:47Z","UCBIoXzDldCnpbM_7uyG0_Tg","HONG SOUND","24","20.16.09","[none]","565070","25951","400","1795","https://i.ytimg.com/vi/EXOlG01E1gU/default.jpg","False","False"
"yZIhz8SVuus","이광수노래","2020-09-14T09:00:13Z","UCaKod3X1Tn4c7Ci0iUKcvzQ","런닝맨 - 스브스 공식 채널","24","20.16.09","런닝맨|이광수|유재석|하하|송지효|전소민|양세찬|지석진|김종국|runningman|RunningMan|Runningman|SBS|sbs|running man|Kim Jong Kook|Lee Kwang Soo|Ji Seok Jin|Yoo Jae Suk|Song Ji Hyo|Haha|Gary|Yang Se Chan|Jeon So Min","623817","12892","133","1954","https://i.ytimg.com/vi/yZIhz8SVuus/default.jpg","False","False"
"RV8F7wii-08","사장 몰래 비밀 정보국 요원으로 투잡 뛰는 '힘을 숨긴 비서'","2020-09-13T09:26:14Z","UCVE-zq_yK_InhsVaJPQEttw","캡틴라미[captain ramy]","1","20.16.09","영화리뷰|영화추천|결말포함|넷플릭스|슈퍼걸|슈퍼맨|슈퍼|슈퍼히어로|히어로|슈퍼걸드라마|드라마","73399","613","14","31","https://i.ytimg.com/vi/RV8F7wii-08/default.jpg","False","False"
"33JCSTFBuQE","화웨이, 오늘부터 몰락 시작, 美 전략사령관, 북 핵공격 대비","2020-09-15T12:54:27Z","UCy3ccMfJL911Wvk9x8XRVVg","김영호교수의세상읽기","27","20.16.09","[none]","32259","4529","38","101","https://i.ytimg.com/vi/33JCSTFBuQE/default.jpg","False","False"
"OTpUSJ7qz4M","추미애가 주말에 부랴부랴 사과문을 올린 이유 [라이브 EP153]","2020-09-14T03:38:49Z","UCXsbYbgwmk_zbTTdwCn_1Ig","엄튜브 /EOMTUBE","22","20.16.09","추미애 아들 검찰 소환|추미애 아들|추미애 아들 휴가|추미애 아들 연가|추미애|국회 본회의 대정부질문|MBC 시험문제 논란|박원순 성추행 피해자 비서실 성폭행|박원순 성추행 피해자|추미애 사과문|추미애 소설|진중권|김경율|추미애 대정부질문|추미애 보좌관|추미애 둘째딸|추미애 딸 비자|국방부|국방부 입장문|국방부 민주당 당정협의|미스터트롯|임영웅|영탁|이찬원|사랑의 콜센타|청와대|국민의힘|더불어민주당|문재인|당직사병|황희|황희 당직사병|황희 SNS|당직사병 마녀사냥|엄성섭|엄튜브|TV CHOSUN","41790","5322","206","139","https://i.ytimg.com/vi/OTpUSJ7qz4M/default.jpg","False","False"
"MEdlXTNFFmM","[하이라이트] 고비마다 삼진 류현진, 메츠전 6이닝 7K 잡고 시즌 4승 달성!!!","2020-09-14T09:01:23Z","UCYRrUD5v5j_Ei8sKOo7mhoQ","엠빅뉴스","25","20.16.09","류현진|괴물|코리안몬스터|MLB|메츠|하이라이트|체인지업|커터|제구|김광현","502844","3273","125","823","https://i.ytimg.com/vi/MEdlXTNFFmM/default.jpg","False","False"
"CO9dpHwij0E","현지 언론이 인정한 특급 투수! 류현진 시즌 4승 현지코멘터리 버전","2020-09-14T09:30:00Z","UCArK9MK34LsQzPJrl5TZmYA","MBC스포츠탐험대","17","20.16.09","류현진|메이저리그|토론토|현지 코멘터리|류현진 시즌 4승","270231","2279","74","130","https://i.ytimg.com/vi/CO9dpHwij0E/default.jpg","False","False"
"R_xz6XpcFmM","SUB) 🌶🌶매콤~한 크림짬뽕 한뚝배기 깐풍기 Mukbang eating show","2020-09-13T11:39:42Z","UCUxXrqHwz836pHcRZRVJLhw","수향TV [suhyangTV]","22","20.16.09","Indonésia|italiano|ประเทศไทย|Россия|Deutschland|France|Việt Nam|中国|中國|España|먹방|리얼사운드|대식가|asmr|yummy|pepper|hot|noodle|spicy|땡초|청양고추|Chili|매운음식|매운|korean|real sound|크림|삼선|짬뽕|해산물|크림파스타|크림스파게티|깐풍기|중식|김치|치킨|깐풍치킨|noodles|Cream|spaghetti|pasta|seafood|jjamppong|chicken|kimchi|soda|coke|fried chicken","134018","4200","150","295","https://i.ytimg.com/vi/R_xz6XpcFmM/default.jpg","False","False"
"Ycd4QFVTERk","[선공개] 화(?)를 부르는 고경표(Ko Kyoung Pyo)의 '에베베' 연기에 제대로 약 오른 이상민(lee sang min)💢 아는 형님(Knowing bros) 247회","2020-09-12T00:32:44Z","UCFL1sCAksD6_7JIZwwHcwjQ","JTBC Entertainment","24","20.16.09","아는 형님|형님|형님 학교|고경표|서현|약올리기|에베베|감자별|에베베 원조|시트콤|개그맨|개배우|약올리기스킬|연기|사생활|판교신혼부부|사기|사기꾼|서예지|현실남매|얄미움|예능|슈퍼주니어|버즈|SEOHYUN|Ko Kyoung Pyo|GirlsGeneration|SNSD|Knowing bros|Knowing brother|min kyung hoon|kim hee chul|kang ho dong|seo jang hoon|lee soo geun|kim young chul|lee sang min|buzz|superjunior","1008985","17166","175","817","https://i.ytimg.com/vi/Ycd4QFVTERk/default.jpg","False","False"
"Cep1v33qsIk","현대차 최대 야심작! 신형 투싼 세계 최초 공개 생방송! 풀버전","2020-09-15T02:18:22Z","UCd5CdYxogKBwvv1xyuxhvZA","김한용의 MOCAR","2","20.16.09","김한용|mocar|모카|시승기|자동차|국산차|수입차|현대차","200194","1970","149","339","https://i.ytimg.com/vi/Cep1v33qsIk/default.jpg","False","False"
"yNVetG9A5FU","【던파】 성난 민심에 불지르는 네오플 직원의 태도 및 은폐 해명해야될 운영자 슈퍼계정 궁댕이맨단 외 내용들","2020-09-12T14:42:02Z","UCXybGky1c_63xzXFzI0eU8A","에어비스","20","20.16.09","던파|던전앤파이터|BJ에어비스|에어비스|창성|이기|루크|dnf|전섭|최강|강화|증폭|에어|공기|DPL|던페|총검사|안톤|시로코|마수던전|테이베르스|할렘|에어비스 최강공참사|에어비스 핀드워|핀드워|에어비스 초시공레이드|초시공레이드|프레이|이시스|오퍼","131968","1212","66","615","https://i.ytimg.com/vi/yNVetG9A5FU/default.jpg","False","False"
"nTGvigNPdiA","Ryu, Gurriel lead Blue Jays' 7-3 win | Mets-Blue Jays Game Highlights 9/13/20","2020-09-14T01:04:02Z","UCoLrcjPV5PbUrUyXq5mjc_A","MLB","17","20.16.09","[none]","86618","693","24","63","https://i.ytimg.com/vi/nTGvigNPdiA/default.jpg","False","False"
"8XpXCrSsbas","[류현진 하이라이트] '메츠 상대 극강', ML 타율 1위 팀을 틀어막은 류현진의 피칭! 홈 첫 승(시즌 4승) HL+인터뷰 / 9월 14일 뉴욕 메츠전","2020-09-14T09:00:02Z","UCArK9MK34LsQzPJrl5TZmYA","MBC스포츠탐험대","17","20.16.09","MBC|스포츠|류현진|류현진 하이라이트|류현진 피칭|류현진 뉴욕메츠|토론토|뉴욕메츠|양키스|뉴욕양키스|메이저리그|하이라이트","533429","4433","166","370","https://i.ytimg.com/vi/8XpXCrSsbas/default.jpg","False","False"
"24pcgZCPc0g","[놓지마정신줄 EP. 8-1] 다이어트 중 뜻밖의 먹방 🤣 왜 이렇게 논리적인데 ㅋㅋㅋ ㅣ레전드 웹드라마 ㅣWeb Drama (EN/CN/JP/ID)","2020-09-12T10:00:00Z","UC5Mtt2WIemzXJIjC64gV2EA","룰루랄라 스토리랩- Lululala Story Lab","24","20.16.09","웹시트콤|스튜디오룰루랄라|룰루랄라스토리랩|시트콤|티저|청춘시트콤|studiolululala|jtbc|lululalastorylab|idol|Kpop|Korean Idol|boy group|남돌|남자아이돌|보이그룹|썸|연애|청춘물|ASMR|정상훈|이현이|이진혁|이수민|권현빈|홍비라|손세빈|WEBSITCOM|LeeJinHyuk|업텐션|UP10TION|예능|재미|웃음|먹방|떡볶이|mukbang","266254","4083","53","489","https://i.ytimg.com/vi/24pcgZCPc0g/default.jpg","False","False"
"ZqJCWITGhcU","[안방1열 직캠4K] 유아 '숲의 아이' 풀캠 (YooA 'Bon voyage' Full Cam)│@SBS Inkigayo_2020.09.13.","2020-09-13T07:23:43Z","UCS_hnpJLQTvBkqALgapi_4g","스브스케이팝 / SBS KPOP","24","20.16.09","Inkigayo|인기가요직캠|안방1열직캠|오마이걸|oh my girl|OH MI GIRL|유아|YooA|Bon voyage|숲의 아이|fancam|숲의아이|Bonvoyage","298281","11423","154","1224","https://i.ytimg.com/vi/ZqJCWITGhcU/default.jpg","False","False"
"-lhEkxMs9ak","배린이가 에땁들면 안돼는이유 에란겔2.0 (배틀그라운드 모바일 실사판)","2020-09-12T10:00:00Z","UCc18Y_SQL76W6g7Er7zq8fQ","T-VIRUS Films (티바이러스)","1","20.16.09","티바이러스필름즈|티바이러스|tvirusfilms|티바|배그|실사판|pubg|battleground|pubgreallife|리얼그라운드|배틀그라운드|배그실사판|vfx|티바배그|배그실사|배그모바일","76182","1424","46","307","https://i.ytimg.com/vi/-lhEkxMs9ak/default.jpg","False","False"
"r9R7OXQG39A","70일간 25kg 감량 다이어트 성공했습니다.","2020-09-12T09:00:27Z","UC5XuQ-xiWAB6f-qu6gJMDBQ","흥삼","22","20.16.09","흥삼|Rooftop|먹방|Mukbang|옥탑방|Cook|eatingshow|eating show|요리|쿡방|먹방 레전드|흥삼 먹방|mukbang korea|mukbang korean|mukbang korean food|mukbang reaction|吃播|食べ放題|Korea food|K food|가마솥 요리|솥뚜껑 요리|시골먹방|시골 먹방|가족먹방|가족 먹방|ASMR|asmr|ASMR eating show|Heungsam|Heungsam mukbang|다이어트|성공|식단|운동|체지방량|골격근량|식단관리|운동법|살빼기|감량|diet|복귀|25kg 감량|다이어트 성공|diet success","357802","19903","516","4307","https://i.ytimg.com/vi/r9R7OXQG39A/default.jpg","False","False"
"BDgecAe5q9o","K방역 영웅!👍정은경 청장을 예우하는 문 대통령의 행보! 신임 질병관리청장 임명장 수여식의 모든 것🎉","2020-09-11T08:29:01Z","UCIMOytYIzaUpoAM2bpT4JZQ","KTV국민방송","25","20.16.09","문재인대통령|정은경청장|질병관리본부|질병관리청|코로나19","409111","19672","1071","3398","https://i.ytimg.com/vi/BDgecAe5q9o/default.jpg","False","False"
"sTLDSqb_724","[epl 현지반응] 손흥민 요리스가 싸운 토트넘 다큐 마지막회! 근데..인종차별?;..단체로 항의하고 격분한 현지팬 반응.. [해외반응]","2020-09-11T23:31:05Z","UC3GEDF05hzA8xTyN0ZTZWag","우피터 - WoopeteR","17","20.16.09","토트넘|토트넘다큐|토트넘다큐마지막회|토트넘손흥민|토트넘요리스|손흥민요리스싸움|손흥민싸움|손흥민현지반응|손흥민인종차별|손흥민해외반응|손흥민외국반응|손흥민 현지팬 반응|손흥민 반응|손흥민 인터뷰|thsgmdals|손홍민|뽈리 토트넘 다큐|뽈리 토트넘|뽈리 tv|요리스|요리스 토트넘|토트넘 핫스퍼|토트넘 손흥민|토트넘 현지반응|토트넘 해외반응|토트넘 현지팬 반응|토트넘 반응|현지팬 반응|손흥민다큐|epl|프리미어리그|토트넘20/21|토트넘19/20|우피터|우피터 토트넘|우피터 손흥민","498533","3990","244","1251","https://i.ytimg.com/vi/sTLDSqb_724/default.jpg","False","False"
"rTfq5WJzx-k","오느른 EP 18.ㅣ옆집 아버님의 할아버님(?)께 인사 드리고 왔어요. 전입신고도 완료!ㅣMBC PD 시골살이 Vlogㅣ귀농 X, 귀촌 O","2020-09-11T10:00:12Z","UCqOmWSVk2LChbt15-Ie2tiw","오느른onulun","22","20.16.09","오느른|힐링|농가|귀농|healing|시골집|휴식|쉼|리틀포레스트|폐가|빈집|시골|농촌|세컨하우스|세컨드하우스|리모델링|나혼자산다|구해줘홈즈|시골로망|대리실현|도시탈출|별장|주말농장|자취|휴가|바캉스|인테리어|집꾸미기|집밥|요리|풍경|고향|감성|sueddu|haegreendal|슛뚜|해그린달|한옥리모델링|시골살이|kimi|키미|한옥|고옥|고옥리모델링|여름방학|renovation|relaxing|calm|한달살이|nature|natural|natural life|korean|lifestyle|countryside|inspiring|nature life|countryside life|inspiration|건축탐구|vlog|집|liziqi|인간극장|옆집|이웃|이웃사촌|선산|산책|동네한바퀴|마을|양파|집수리|집고치기|화장실타일|타일|감성인테리어|aesthetic|rest|koreantrip|trip|backpacker","257054","6058","89","858","https://i.ytimg.com/vi/rTfq5WJzx-k/default.jpg","False","False"
"Caym11cGTfU","역시 등산의 마지막 코스는 백숙이 아니겠습니까! 난 오늘도 먹기위해 오른다... 🔥 북한산 등산 코스부터 먹방 ASMR까지ㅣ와썹맨2(WassupMan2) ep.10ㅣ박준형","2020-09-11T08:00:02Z","UCYgUhR7EGKauFXgJS0pckGg","와썹맨-Wassup Man","24","20.16.09","와썹맨|와썹맨2|wassupman|스튜디오룰루랄라|studiolululala|핫플|핫플레이스|hot|place|리뷰|review|best|mukbang|육즙|먹방|고기|등산|북한산|도봉산|등산코스|닭백숙|백숙","364924","6275","126","617","https://i.ytimg.com/vi/Caym11cGTfU/default.jpg","False","False"
"vYBjzO0wFCQ","[시사본부] 임은정 검사, 대검 감찰부 배치 의도는? - 양지열 / 변호사 200915","2020-09-15T05:10:17Z","UCMLJc_D3jgFcS_48G7i4V0A","KBS 1라디오","25","20.16.09","[none]","88506","4314","63","147","https://i.ytimg.com/vi/vYBjzO0wFCQ/default.jpg","False","False"
"kMAmUCCWr_A","쫀득한 누룽지에 가마솥에 푹 고은 닭백숙 먹방!! (Whole chicken soup with Scorched Rice) 요리&먹방!! - Mukbang eating show","2020-09-13T09:00:09Z","UC5XuQ-xiWAB6f-qu6gJMDBQ","흥삼","22","20.16.09","흥삼|Rooftop|먹방|Mukbang|옥탑방|Cook|eatingshow|eating show|요리|쿡방|먹방 레전드|흥삼 먹방|mukbang korea|mukbang korean|mukbang korean food|mukbang reaction|吃播|食べ放題|Korea food|K food|가마솥 요리|솥뚜껑 요리|시골먹방|시골 먹방|가족먹방|가족 먹방|ASMR|asmr|ASMR eating show|Heungsam|Heungsam mukbang|닭백숙|삼계탕|복날|누룽지탕|누룽지 닭백숙|chicken soup|samgyetang|Ginseng Chicken Soup|Whole Chicken Soup","391641","12826","736","1529","https://i.ytimg.com/vi/kMAmUCCWr_A/default.jpg","False","False"
"RMhnnBnYHh4","인류가 만들어낸 가장 완벽하고 정교한 최고의 무기! 최초의 한국형 이지스함 '세종대왕함 (KDX-3)'","2020-09-09T07:43:47Z","UCFCtZJTuJhE18k8IXwmXTYQ","EBSDocumentary (EBS 다큐)","19","20.16.09","EBS|EBS documentary|EBS 다큐멘터리|다큐|docu|미사일|해군|전투|항공모함|전투능력|무기|잠수함|해상무기|곡사포|스텔스|세계최강|세계무기|신의방패|레이더|최고성능|안테나|재밌는|흥미로운|미친전투력|방사|방어능력|방어력|대공방어|방산|국방|머신건|대공포|근접전투|군사|국방력|제우스","719308","8467","491","393","https://i.ytimg.com/vi/RMhnnBnYHh4/default.jpg","False","False"
"Jpk2qm6pcT0","[김광일의 입] 문 대통령이 추미애 경질 못하는 이유","2020-09-09T09:00:08Z","UCdp4_yTBhQmB8E339Lafzow","조선일보","25","20.16.09","조선일보|조선|언론|이슈|신문|방송|뉴스|정치","812563","44443","9050","5486","https://i.ytimg.com/vi/Jpk2qm6pcT0/default.jpg","False","False"
"V7zj9joIlX8","아내가 처음으로 제게 집밥을 만들어왔습니다.","2020-09-13T10:33:00Z","UCUY0FVprY69TQu5pbho2PNw","철구형 (CHULTUBE)","23","20.16.09","철구|BJ철구|아프리카철구|afreecaTV|아프리카TV|BJ|비제이|인터넷방송|인터넷방송BJ유머방송|개그방송|유머영상|개그영상|게임영상|게임방송|꿀잼|웃긴영상|웃긴방송","561762","7085","385","850","https://i.ytimg.com/vi/V7zj9joIlX8/default.jpg","False","False"
"QKZQdch-L8Q","웹툰 주인공이 쓰는 단검 만들어서 오이베기","2020-09-10T12:59:44Z","UCd4FmcWIVdWAy0-Q8OJBloQ","사나고 Sanago","26","20.16.09","사나고|3D펜|3Dpen|만들기|making|3d프린터|3Dprinting","1152697","30160","401","9515","https://i.ytimg.com/vi/QKZQdch-L8Q/default.jpg","False","False"
"ASYZm8MnBpY","[사랑과 전쟁] 남편이 평생 못 잊던 그 여자가 사부인이란다","2020-09-15T02:00:00Z","UC0EpedkBG2k7kd8UGJuYShQ","Kemi TV","24","20.16.09","케미tv|케미티비|kemitv|막장드라마|사랑과전쟁|사랑과 전쟁|사랑전쟁|사랑과전쟁 시즌1|사랑과 전쟁 시즌1|시즌1|막장|kbs|복수|바람|커플|불륜|남친|여친|아내|남편|부부|부부클리닉|사랑|애증|유머|웃긴 싸움|시어머니|시집살이|시누이|미친|고부|친정|임신|이혼|사이다|고구마|빡침|정의구현|정의실현|정의|빡침주의|내로남불|현실|꿀잼|존잼|허니잼|대유잼|극대노|대노|사랑과전쟁레전드|kemitv사랑과전쟁|loveandwar|loveandwar2|본격실화|루씨|루시|제비|꽃뱀|전여친|구여친|전남친|구남친|고부갈등|고부관계|첫 사랑 사돈마님|사부인|첫사랑|사랑과 전쟁 346|첫사랑 사돈마님","167626","1863","77","322","https://i.ytimg.com/vi/ASYZm8MnBpY/default.jpg","False","False"
"Tg0Knp2TQ-s","거대 장수말벌을 불개미병사 7000마리에게 먹이로 줘보았다. I gave Asian giant hornet  to the fire ant army.","2020-09-10T09:15:04Z","UCOv1v2iptqYMVEwLAIUOhPw","정브르","15","20.16.09","장수말벌|정브르|정브르 다콩|다콩|트위치스트리머|프응tv|말벌피해|해외장수말벌|말벌불개미|불개미에게말벌|불개미에게장수말벌|Asian giant hornet","1788073","10895","975","1523","https://i.ytimg.com/vi/Tg0Knp2TQ-s/default.jpg","False","False"
"ZZAIWuZxonc","민혁이가 돌아왔다 다같이 만세!!!🥳우리 둘째 '축 전역' 라이브💙","2020-09-12T10:30:02Z","UCgB7A457ULlgm5c3948vr-w","BTOB 비투비 (Official YouTube Channel)","24","20.16.09","비투비|BTOB|서은광|이민혁|이창섭|임현식|프니엘|정일훈|육성재|비투비 하다방|하다방|비투비 민혁|btob","220204","18049","69","535","https://i.ytimg.com/vi/ZZAIWuZxonc/default.jpg","False","False"
"Rah5a0LibC0","드디어 나왔다. 깡통주택 경계 주의보..경기도 전역 확산될 듯","2020-09-14T14:30:40Z","UCj2gpUrZ7LMp4Mp1pVMKz0g","도봉박홍기","25","20.16.09","서울 매매가격 하락|주택","39210","2577","161","23","https://i.ytimg.com/vi/Rah5a0LibC0/default.jpg","False","False"
"FVMYmKm8tL0","[영화대영화] 갑자기 죽거나 VS 갑자기 증발되거나","2020-09-12T10:37:16Z","UCb_GEWOGkCTXawWZKDtALwg","9bul","1","20.16.09","구불|레프트비하인드|리메이닝|니콜라스케이지|괴물|증발|영화대영화","414734","9093","236","1581","https://i.ytimg.com/vi/FVMYmKm8tL0/default.jpg","False","False"
"Nb7Vy0wJO-E","휴덕엔딩프로젝트 [큐브통신(All That CUBE] 8회 : (여자)아이들 외국인즈 텐션이 하늘 찔러 지구 뿌셔!","2020-09-13T12:00:07Z","UC3lz95UPhKJW1aS3_za6SuQ","United CUBE (CUBE Entertainment Official YouTube Channel)","24","20.16.09","kpop|GIDLE|IDLE|BTOB|CHANGSUB|MINNIE|YUQI|SHUHUA|CUBE|allthatcube|cubeentertainment|idol|아이들|여자아이들|큐브통신|큡통|큐브|큐브엔터|창섭|민니|우기|슈화","72953","6702","17","699","https://i.ytimg.com/vi/Nb7Vy0wJO-E/default.jpg","False","False"
"DWK2weOWW-4","다시 뭉쳤다🔥 레게노 으른즈 (FT. 이채이 만만 임아니) 200914 [1] - KoonTV","2020-09-14T13:07:20Z","UCwGeidQWKEMdFIujQrz37qw","최군TV [무삭제 풀영상]","24","20.16.09","koon|최군|koonTV|쿤티비|Afreeca|아프리카|BJ|생방|인터뷰|funny|연예인|여자|여신|미녀|사심|개이득|dance|케이팝|kpop|걸그룹|야외|korea|풀영상|풀버전|no cut|무편집|임아니|만만|이채이|으른즈|딱딱즈|최군 만만|만만 최군|최군 이채이|이채이 최군","71601","504","27","104","https://i.ytimg.com/vi/DWK2weOWW-4/default.jpg","False","False"
"7I9jtSuMvRA","누나가 술 따라준다면서 자꾸 빵댕이를 내미는데...😱","2020-09-13T07:36:48Z","UC69uMhRJcUnvMnMxKT2SS0w","(MUTUBE)와꾸대장봉준","23","20.16.09","아프리카tv|봉준|와꾸대장봉준|BJ|컨텐츠|BJ봉준|인터넷방송|클립|웃긴영상|남캠|ENGSUB|KOREAN|korea|english|김봉준|코미디|트젠|트렌스젠더|최군|만만|봉준 트젠","737164","5982","213","780","https://i.ytimg.com/vi/7I9jtSuMvRA/default.jpg","False","False"
"StXm8UUqlgw","한국 치킨을 처음 먹어본 영국 대학생들의 반응?!? (feat. 짜파치킨)","2020-09-09T11:38:56Z","UCg-p3lQIqmhh7gHpyaOmOiQ","영국남자 Korean Englishman","23","20.16.09","Korean|영국남자|영국|조쉬|올리|Josh|Ollie|KoreanEnglish|English|Man|englishman|food|음식|외국인|반응|영상|웃긴|남자|외국|도전|매운|조니|조엘|댄|단|신부님|크리스|올리아빠|해물|치킨|삼겹살|korean|BBQ|fried|chicken|라면|불닭볶음면|미친남자","1636308","55403","815","5517","https://i.ytimg.com/vi/StXm8UUqlgw/default.jpg","False","False"
"HU3474IdG2I","vlog | 다시 돌아온 체리잠옷🍒 개강한 대학생의 자취일상(소고기비빔밥, 된장찌개, 무피클청, 토마토쥬스, 그래놀라요거트)","2020-09-15T12:00:05Z","UCyG7zAV_2JlPnxhwDxZN6sA","지현꿍","22","20.16.09","[none]","443056","17984","196","1357","https://i.ytimg.com/vi/HU3474IdG2I/default.jpg","False","False"
"Ie8gBAqQHXc","가까워진 거리 | 어사즈 3기 정우, 천러 | 어색하지만 괜찮아 Ep.3-2","2020-09-13T11:00:03Z","UCG-coSVp89xFSWN4pbVL53w","채널 NCT DAILY","22","20.16.09","nct|nct127|nctdream|어사즈|Awsaz|ItsAwkward_ButItsOk|어색하지만_괜찮아|TheAwkwardBros|JUNGWOO|CHENLE|TAEIL|JENO|채널NCT|nct_daily|ch_nct","645350","121499","157","5304","https://i.ytimg.com/vi/Ie8gBAqQHXc/default.jpg","False","False"
"lUZeXhe7YPw","추미애 아들 측에 고발당한 이 전 대령, 입장 발표 [뉴스현장]","2020-09-12T06:32:51Z","UCWlV3Lz_55UaX4JsMj-z__Q","뉴스TVCHOSUN","25","20.16.09","TV조선|티비조선|조선일보|종편|종합편성|TV조선뉴스|뉴스|뉴스프로그램|NEWS|채널19|CH19|뉴스9|뉴스7|포커스|신동욱|윤우리|추미애 아들|정세균|민주당","472914","13289","683","2416","https://i.ytimg.com/vi/lUZeXhe7YPw/default.jpg","False","False"
"vOl-ahE6Sj4","[GOING SEVENTEEN 2020] EP.32 MOUSEBUSTERS #2","2020-09-14T13:09:59Z","UCfkXDY7vwkcJ8ddFGz8KusA","SEVENTEEN","10","20.16.09","에스쿱스|정한|조슈아|준|호시|원우|우지|디에잇|민규|도겸|승관|버논|디노|SCOUPS|JEONGHAN|JOSHUA|JUN|HOSHI|WONWOO|WOOZI|THE 8|MINGYU|DK|SEUNGKWAN|VERNON|DINO|세븐틴|SEVENTEEN|セブチ","827405","113097","176","7642","https://i.ytimg.com/vi/vOl-ahE6Sj4/default.jpg","False","False"
"vfb-BOlENtk","[K-Choreo 8K] 유아 직캠 '숲의 아이 (Bon voyage)' (OH MY GIRL YooA Choreography) l @MusicBank 200911","2020-09-11T09:03:34Z","UCeLPm9yH_a_QH8n6445G-Ow","KBS Kpop","10","20.16.09","KBS|KPOP|뮤직|KBSKPOP|K-POP|케이팝|kpop|KBSKpop|음악|choreography|k-pop|kpop_dance|dance|fancam|직캠|댄스|아이돌|k팝|팬캠|live|라이브|뮤직뱅크|뮤뱅|musicbank|music_bank|music bank|OH MY GIRL|오마이걸|OH MY GIRL Fancam|효정|미미|유아|승희|지호|비니|아린|ARIN|BINNIE|JIHO|SEUNGHEE|YOOA|MIMI|HYOJUNG|숲의 아이|자각몽|유아 숲의 아이|오마이걸 유아|뮤뱅 유아|유아 솔로 직캠|fancam yooa|Bon voyage|8k","471337","17769","274","1434","https://i.ytimg.com/vi/vfb-BOlENtk/default.jpg","False","False"
"aRArEh1RNbo","야 박서아, 너 나 좋아해?","2020-09-11T12:28:42Z","UCIA-LPHNERP2MDUQpp2RVHg","케이","24","20.16.09","케이|케튜브|박서아|우결","533739","5825","268","587","https://i.ytimg.com/vi/aRArEh1RNbo/default.jpg","False","False"
"ZPxQFeKY86s","“우리 애도 휴가 보내라” 전화 폭탄 맞은 국방부 | 토요랭킹쇼","2020-09-12T05:40:27Z","UCfq4V1DAuaojnr2ryvWNysw","채널A 뉴스","25","20.16.09","국방부|추미애아들|휴가","731935","12151","971","7623","https://i.ytimg.com/vi/ZPxQFeKY86s/default.jpg","False","False"
"EwAyY8FTXUU","Jack | Hoa Hải Đường | Official Teaser","2020-09-13T12:00:10Z","UChUJa1JyBc7Lc4orkiNKKQg","J97","10","20.16.09","J97|jack|đóm|phương tuấn|jack phương tuấn|phuong tuan jack meo|j 97|jack j97|j97 dom dom|jack mv|trịnh trần phương tuấn|jack trở lại|jack trở lại tháng 9|jack vienetwork|jack teaser|hoa hải đường|jack hoa hải đường|hoa hải đường teaser|hoa hải đường teaser official|jack hoa hải đường teaser|jack hoa hải đường teaser official|teaser hoa hải đường|teaser jack|teaser jack hoa hải đường|j97 hoa hải đường|j97 hoa hải đường teaser|j97 jack hoa hải đường","4425241","419395","10331","105672","https://i.ytimg.com/vi/EwAyY8FTXUU/default.jpg","False","False"
"BTkSNbkf7K8","Put drinks in the Can and spin it! BOOM! | Korea cafe vlog by Zoe","2020-09-13T04:00:02Z","UCPo70pynefJ90wBqCEryZWg","Zoe's 조에","22","20.16.09","디저트|아이스크림|케이크|카페|브이로그|일상|asmr|cafe|vlog|dessert|icecream|daily|cake|커피|알바|part timer|coffee|한국인|Korean|make|블레스롤|blessroll|parfait|lemoncake|대학생|빙수|Bingsu|오레오 빙수|Oreo|장미차|또라이","506498","30035","166","1600","https://i.ytimg.com/vi/BTkSNbkf7K8/default.jpg","False","False"
"sY_agtdF1wY","4부 제대로 걸려 들었다! 「뭉」, 「추」 문제 강공! 「추」, 「능력있는 내 아이」! (2020.09.15) [정치분석]","2020-09-15T06:00:06Z","UCR0VAgd0w8QI7WWQ0E8Srdw","황장수의 뉴스브리핑o","25","20.16.09","황장수|뉴스브리핑|뉴스|미래경영연구소|보수|진보|중도|서포15조|news|news briefing|정치|논평|토론|비평","72031","10103","73","353","https://i.ytimg.com/vi/sY_agtdF1wY/default.jpg","False","False"
"PyWEapcH_OY","쿨룩 LIVE ▷유아(YooA) '숲의 아이(Bon voyage)' /200911[박원의 키스 더 라디오]","2020-09-12T02:16:09Z","UCbVRtqsTmYh1xhrDSTfSQLg","KBS CoolFM","24","20.16.09","KBS|KBS CoolFM|쿨룩|COOLOOC|COOL LOOC|오마이걸|OH MY GIRL|Bon Voyage|유아솔로|유아|숲의아이라이브","255615","17148","191","979","https://i.ytimg.com/vi/PyWEapcH_OY/default.jpg","False","False"
"ny5ZVoC-pp4","승찬, 우정을 느끼다 [총몇명 프리퀄]","2020-09-09T09:00:12Z","UCRuSxVu4iqTK5kCh90ntAgA","총몇명","1","20.16.09","총몇명|유승찬|민모리|ㅋㅋㅋ|웃긴|부락토스","1889602","41190","820","4950","https://i.ytimg.com/vi/ny5ZVoC-pp4/default.jpg","False","False"
"ROmbw3XojVQ","7265회. 이게 진짜라면 특종감입니다. 경찰은 단속이 아니라 교통정리를 해줬어야 하지 않을까요?","2020-09-14T06:00:01Z","UCH5U89kvHrVxxS80xpoOydw","한문철 TV","2","20.16.09","traffic accident|car|몇대몇|블랙박스로 본 세상|한문철|accident|블박세|black box|사고|video|dash cam|스스로닷컴|susulaw|교통사고|블박|yt:cc=on|과실비율|traffic|영상|블랙박스","312425","4574","176","4229","https://i.ytimg.com/vi/ROmbw3XojVQ/default.jpg","False","False"
"irDyPZ4ul7Y","오늘 정말 파란 하늘, 흰 구름 세상이었죠?","2020-09-13T15:47:58Z","UCX4LFdCjFXMaCPbRH1omP6Q","최인호TV","25","20.16.09","[none]","20280","2502","42","21","https://i.ytimg.com/vi/irDyPZ4ul7Y/default.jpg","False","False"
"WY6mNNGBb2c","이스라엘, 초정통파 유대교 지역 중심으로 코로나 급증 (185회_2020.09.12.방송)","2020-09-12T13:33:11Z","UC-0C8yVGJy-cS4FGlYKelWw","세계는지금","25","20.16.09","특파원보고 세계는 지금|세계는 지금|국제시사|인종차별|흑인 남성 복면|질식사|뉴욕주 로체스타|프루드|경찰개혁|미국 대선|트럼프|법과 질서|더블라지오 뉴욕시장|벨라루스|대선불복시위|루카센코|반정부시위|대통령퇴진|민스크|마리야 콜레스니코바|알렉시예비치|코로나19|초정통파 유대교|이스라엘|Ultra-Orthodox Jews|토라|탈무드|대랍비 장례식|예시바|네타냐후 총리|봉쇄|방역|우편투표|바이든|펠로시|미용실|멍청한 전쟁|호구|패배자|gotcha 정치학|갓차 정치학|레드불 창업주 손자|음주 과속|쓰리핑거 시위|유전무죄|오라윳 유위티야|뮬란 보이콧|유역비|홍콩 송환법반대시위|엔딩 크레딧|신장 위구르|투르판시 공안국|검열|수호이35|구이린|격추|추락|인도SNS|젠10","97890","1630","69","259","https://i.ytimg.com/vi/WY6mNNGBb2c/default.jpg","False","False"
"Q9t9fl3vHl0","불사신들을 너무 많이 생산해버린 미국 제약 회사","2020-09-09T10:00:05Z","UCxlv4aOnrRTXMRSL8bVJqEw","B Man 삐맨","1","20.16.09","더보이즈|더보이즈 시즌1|더보이즈 시즌2|미드 더보이즈|미드 더보이즈 시즌2|미드 더보이즈 시즌1|더보이즈 결말|미드 더보이즈 결말|삐맨|삐맨 미드|미드|영드|미드 추천|추천 미드|꿀잼 미드|미드 꿀잼|삐맨 영화|영화 삐맨|영화|꿀잼 영화|추천 영화|더 보이즈 삐맨|삐맨 더 보이즈|삐맨 더 보이즈 시즌2|더 보이즈|더 보이즈 시즌1|더 보이즈 시즌2|홈랜더","879469","7119","331","565","https://i.ytimg.com/vi/Q9t9fl3vHl0/default.jpg","False","False"
"G0WBqAa5Vs8","Highlights Valencia CF vs Levante UD (4-2)","2020-09-13T22:04:03Z","UCTv-XvfzLX3i4IGWAm4sbmA","LaLiga Santander","17","20.16.09","liga|laliga|laliga santander|football|resumen|goles|highlights|goal|gol|sp:dt=2020-09-13T19:00:00Z|sp:ti:home=val|sp:ti:away=lev|sp:ty=high|sp:or=2|sp:li=liga|sp:vl=en|Maxi Gomez|Kang In|Mangala|Diakhaby|Campaña|Melero|Aitor Fernández|Aitor Fernandez|Yunus|Jaume|Gayà|Gaya|Cheryshev|Wass|Paco López|Paco Lopez|Javi Gracia|derbi|Esquerdo|Guedes","154024","2111","58","168","https://i.ytimg.com/vi/G0WBqAa5Vs8/default.jpg","False","False"
"3-U41R9BT7E","2020년 9월 15일(화) 10시 정규재의 텐텐뉴스 - 윤미향 구속은 아예 포기한 검찰外","2020-09-15T02:18:25Z","UCOqCunaF9qVN8bXwsK0HT3g","펜앤드마이크TV","25","20.16.09","정규재|펜앤마이크|정규재tv|정규재방송|펜앤드마이크|뉴스|오전뉴스|조간|10시|아침뉴스|펜앤|더불어민주당|검찰|기부금|쉼터운영비|추미애|법무부|이낙연|종로|정치|군대|병역|통역병|김종인|국민의힘|공정거래법|기업규제법|안익태|애국가|재산세|서울시|스가 요시히데|일본총리|국방부|미국|DMZ|조 바이든|북한|황해북도|푸틴|러시아|카투사|정세균|항체|이탈리아|밀라노 대성당|김태년","69058","7305","175","174","https://i.ytimg.com/vi/3-U41R9BT7E/default.jpg","False","False"
"QfpzduQRqeA","[ENG] 메킷레인 멤버들이 보는 블루(BLOO)는 어떤 사람일까?","2020-09-11T09:00:06Z","UCjRS-SUfmPHelbp2cARJ0bQ","메킷원 MKIT WON","24","20.16.09","나플라|nafla|루피|loopy|loopy&nafla|나플라루피|오왼|owenovadoz|wu|나플라wu|메킷레인|메킷원|창업|장사|bloo|블루|쇼미더머니|쇼미더머니9|쇼미|쇼미9|김현웅|앞담화|몰래카메라|몰카","145482","4366","23","448","https://i.ytimg.com/vi/QfpzduQRqeA/default.jpg","False","False"
"JTeYrBM38TQ","1년 반만에 드디어 밝혀진 엔드게임 속 비밀들","2020-09-11T08:22:20Z","UC_Aly3X5CdojHdRDGmKi1ow","엔스Ens","1","20.16.09","마블|엔드게임|어벤져스|아이언맨|스파이더맨","282995","2796","92","396","https://i.ytimg.com/vi/JTeYrBM38TQ/default.jpg","False","False"
"kz_aEPyWGgg","Hwang scores in debut | 1. FC Nürnberg vs. RB Leipzig 0-3 | Highlights | DFB-Pokal 20/21 | 1st Round","2020-09-12T16:50:09Z","UC7am34-1rGU_ky1vWYnoOJQ","German Football","17","20.16.09","DFB|German Football|Football|Soccer|Germany|Football Highlights|Soccer Highlights|DFB-Pokal|DFB Pokal Highlights|DFB Pokal 2020/21|DFB-Pokal Round 1|German Cup|German Cup Highlights|Nürnberg|Nürnberg Highlights|Nürnberg DFB Pokal|1. FC Nürnberg|Amadou Haidara|Yussuf Poulsen|Hwang Hee-chan","152166","2490","53","259","https://i.ytimg.com/vi/kz_aEPyWGgg/default.jpg","False","False"
"8TsF4iw-p3g","[BRUSH] SCP-053 VS SCP-682 애니메이션","2020-09-11T09:00:03Z","UCRqcPtAY2IrOjjOPt2TbYVQ","BRUSH","20","20.16.09","SCP|SCP GCL|하다 SCP|유령시티 SCP|펄렁붓 scp|brush scp|SCP 소녀|SCP 053|scp 682|brush scp 682|053|682","676288","11297","320","875","https://i.ytimg.com/vi/8TsF4iw-p3g/default.jpg","False","False"
"V2I9j4F1WsQ","홍철이 인생 그래프 떡락 시점.. 마치 like 자이로드롭..🎢 노홍철 주식 SSUL 모음 | ⏱#무한도전 #오분순삭","2020-09-13T08:30:03Z","UC9idb-NIhZrI6wkPesc3MUg","오분순삭","24","20.16.09","무한도전|무도|무도레전드|무한도전레전드편|유재석|정준하|박명수|정형돈|하하|노홍철|길|전진|광희|조세호|양세형|김태호|태호pd|놀면뭐하니|유느님|유느|mbc|infinitechallenge|가요제|무도가요제|오분순삭|십분순삭|tvshow|kpop|kdrama|sitcom|comedy|주식|개미","434944","4118","102","1005","https://i.ytimg.com/vi/V2I9j4F1WsQ/default.jpg","False","False"
"RctzhW20V7Y","당기기만 하면 끝! 일발필중(一發必中) 유도총탄","2020-09-13T02:35:33Z","UC1Ei9xWth3jnYypj161vBJA","건들건들","27","20.16.09","#건들건들|#우라웍스|#환장|#펜더|#조지킹|#썰PD|#밀리터리|#워키피디아|쿼드콥터|ISIS|논산훈련소|PRI|유도탄|기밀|특수부대|홈쇼핑|저격|자동조준","71571","2472","48","275","https://i.ytimg.com/vi/RctzhW20V7Y/default.jpg","False","False"
"K7eXYGoS6cc","[구독자요청] 전국노래자랑으로 상봉한 남매 풀영상","2020-09-10T09:00:04Z","UCZ-n5TNN1OjqTgEVl7T-TeQ","KOREAN DIASPORA KBS","27","20.16.09","이산가족을찾습니다|divided_families|finding_dispersed_families|pray_for_divided_families|koreandiaspora|korean_diaspora|korean_war|625|KBS|family_reunion|상봉|이산가족|만남|가족|그리움|하이라이트|생방송 이산가족을 찾습니다|생방송|디아스포라|전국노래자랑|노래|남매|송해","238174","2387","147","72","https://i.ytimg.com/vi/K7eXYGoS6cc/default.jpg","False","False"
"Mll78SJEm3g","[김경래의 최강시사] 당직 사병이 정치적 배후 있다고? -김남국 의원 + 이준석 전 최고위원 (200914)","2020-09-14T01:10:45Z","UCMLJc_D3jgFcS_48G7i4V0A","KBS 1라디오","25","20.16.09","추미애 황희|황희 추미애 아들|김남국 추미애|이준석 추미애|추미애 아들 당직 사병|추미애 사과|추미애 서성환|추미애 휴가연장|추미애 아들 병가 추미애|추미애 아들|추미애 아들 카투사|추미애 아들 휴가|추미애 아들 휴가 특혜|추미애 아들 특혜|추미애 아들 병가|추미애 탄핵|추미애 보좌관|추미애 아들 보좌관|추미애 자녀|추미애 검찰수사관|추미애 녹취|추미애 아들 녹취록|추미애 검찰|추미애 윤석열|윤석열 추미애|추미애 검찰개혁|추미애 아들 무릎 수술|추미애 아들 무릎 진단서|추미애 아들 특임검사|추미애 특임검사|추미애 국민의힘|추미애 더불어민주당|추미애 문재인|추미애 노무현|추미애 아들 탈영|투미애 아들 카투사|추미애 아들 휴가 의혹|추미애 아들 황제휴가|추미애 아들 통역병|뉴스공장|김어준|김어준의 뉴스공장|시선집중|김종배의 시선집중|뉴스쇼","172220","3185","188","3843","https://i.ytimg.com/vi/Mll78SJEm3g/default.jpg","False","False"
"Y3aeZ0On7zQ","온라인 수업에 음란물 틀어 놓고 안녕…여중 '발칵' / SBS","2020-09-11T12:07:49Z","UCkinYTS9IHqOEwR1Sze2JTw","SBS 뉴스","25","20.16.09","SBS|SBS NEWS|SBS 뉴스|에스비에스|에스비에스 뉴스|서울 방송|SEOUL BROADCASTING SYSTEM|KOREA NEWS|Korean News|대한민국 뉴스|News Network|수업|교사|온라인|안녕|음란물|발칵","2263052","16036","412","8954","https://i.ytimg.com/vi/Y3aeZ0On7zQ/default.jpg","False","False"
"WMlk2EGz8uM","[100분토론] 원희룡 VS 이재명 그 승부는?","2020-09-11T14:02:52Z","UCD46H9Pm3nLqCj7vv3pQkPA","MBC 100분토론","25","20.16.09","100분토론|백분토론|이재명|원희룡|보편지원|선별지원|재난지원금|지원금|경기도|제주도|지원|재난|기본소득|경제","475204","6914","274","5019","https://i.ytimg.com/vi/WMlk2EGz8uM/default.jpg","False","False"
"p1OGFLjtTes","TAEMIN 태민 ‘Criminal’ Dance Practice","2020-09-10T15:00:12Z","UCyPwRgc3gQGqhk6RoGS50Ug","SHINee","22","20.16.09","[none]","1036817","112840","191","11976","https://i.ytimg.com/vi/p1OGFLjtTes/default.jpg","False","False"
"sk-qyR224fU","[MV] 마마무(MAMAMOO) - WANNA BE MYSELF","2020-09-10T09:00:10Z","UCuhAUMLzJxlP1W7mEk0_6lA","MAMAMOO","10","20.16.09","MAMAMOO|마마무|WANNA BE MYSELF|마마무 WANNA BE MYSELF|안다르|andar|마마무 안다르|마마무 andar|MAMAMOO andar|WANNA BE MYSELF MV|WANNA BE MYSELF 뮤직비디오|WANNA BE MYSELF 뮤비","13279910","1050227","7108","68399","https://i.ytimg.com/vi/sk-qyR224fU/default.jpg","False","False"
"tvmgCOhN2bE","[100분토론] - 코로나19 경제위기와 기본소득(884회)","2020-09-10T16:10:15Z","UCD46H9Pm3nLqCj7vv3pQkPA","MBC 100분토론","25","20.16.09","이재명|제레미 리프킨|원희룡|경기도|제주도|기본소득|경제위기|재난지원금|코로나|지원금|경제|백분토론|100분토론","197679","4864","171","3500","https://i.ytimg.com/vi/tvmgCOhN2bE/default.jpg","False","False"
"U3b1Q6EY6BM","사실 슈뻘맨의 전 직업은 (　　　) 였습니다. [Q & A 답변 영상]","2020-09-10T07:30:01Z","UCXZx953K0FgkT3H2FaFAcew","슈뻘맨 [슈퍼 뻘짓 도전기]","24","20.16.09","슈뻘맨|QnA|Q&A|슈뻘맨 QnA|슈뻘맨 Q&A|슈뻘맨 궁금증|흔한 호기심|슈뻘맨 형들|동욱이형|영식이형|슈뻘맨 큐앤에이|슈뻘맨 10만|파뿌리|파뿌리24|궁금한이야기|흔한남매|민또tv|샌드박스|도티|더블비|급식왕|얌생이|광자|닮음","317515","10031","216","2496","https://i.ytimg.com/vi/U3b1Q6EY6BM/default.jpg","False","False"
"Abz9jq9blh4","[sub]🥔EP.7-1 (손)님아 그 상을 치우지 마오 | 나홀로 이식당 풀버전","2020-09-11T14:15:11Z","UCQ2O-iftmnlfrBuNsUUTofQ","채널 십오야","24","20.16.09","나영석|나PD|아간세|아이슬란드간세끼|이수근|수근세끼|은지원|지원세끼|삼시세끼|세끼|신효정|나피디|묘한이|tvN|라끼남|라면|라면끼리는남자|강호동|양정우|육봉선생|6봉선생|라면먹방|마포멋쟁이|마포|멋쟁이|송민호|표지훈|민호|지훈|피오|MINO|PO|P.O|위너|WINNER|송표|표송|패션|패션유튜버|패션유튜브|삼시네세끼|달나라공약이행프로젝트|달나라프로젝트|달나라|젝스키스|젝키|젝서키|젝스키|이재진|재진|김재덕|재덕|장수원|수원|Sechs Kies|슬의|슬기로운하드털이|슬의생|슬기로운의사생활|신원호|워노|이우정|조정석|정경호|유연석|김대명|전미도|이익준|김준완|안정원|양석형|채송화|용석민|문태유|도재학|이익순|곽선영|겨울정원|신현빈|장겨울|수빈쌤|hospitalplaylist|이식당|나홀로이식당|나노|정원겨울|춘하추동|우주|김준|피아노치는곰돌이","1019463","13867","167","769","https://i.ytimg.com/vi/Abz9jq9blh4/default.jpg","False","False"
